key,en,ar
global_goals:1---short,빈곤퇴치,لا فقر
global_goals:1---title,모든 곳에서 모든 형태의 빈곤 종식,القضاء على الفقر بجميع أشكاله في كل مكان
global_goals:10---short,불평등 완화,انخفاض عدم المساواة
global_goals:10---title,국내 및 국가 간 불평등 감소,انخفاض عدم المساواة داخل وبين البلدان
global_goals:11---short,지속가능한 도시와 공동체,المدن والمجتمعات المستدامة
global_goals:11---title,포용적이고 안전하며 회복력 있고 지속가능한 도시와 주거지 조성,جعل المدن والمستوطنات البشرية شاملة وآمنة ومرنة ومستدامة
global_goals:12---short,책임감있는 소비와 생산,الاستهلاك والإنتاج المسؤول
global_goals:12---title,지속가능한 소비와 생산 양식의 보장,ضمان أنماط الاستهلاك والإنتاج المستدامة
global_goals:13---short,기후변화 대응,العمل المناخي
global_goals:13---title,기후변화와 그로 인한 영향에 맞서기 위한 긴급 대응,اتخاذ إجراءات عاجلة لمكافحة تغير المناخ وآثاره
global_goals:14---short,해양 생태계,الحياة تحت الماء
global_goals:14---title,"지속가능발전을 위한 대양, 바다, 해양자원의 보전과 지속가능한 이용",حفظ المحيطات والبحار والموارد البحرية واستخدامها على نحو مستدام لتحقيق التنمية المستدامة
global_goals:15---short,육상 생태계,الحياة على الأرض
global_goals:15---title,"육상생태계의 지속가능한 보호·복원·증진, 숲의 지속가능한 관리, 사막화 방지, 토지황폐화의 중지와 회복, 생물다양성 손실 중단",حماية وترميم وتشجيع الاستخدام المستدام للنظم الإيكولوجية الأرضية، وإدارة الغابات على نحو مستدام، وكافحة التصحر، ووقف تدهور الأراضي وعكس مساره ووقف فقدان التنوع البيولوجي
global_goals:16---short,"평화, 정의와 제도",السلام والعدالة - مؤسسات قوية
global_goals:16---title,"지속가능발전을 위한 평화롭고 포용적인 사회 증진, 모두에게 정의를 보장, 모든 수준에서 효과적이며 책임감 있고 포용적인 제도 구축",تعزيز المجتمعات السلمية والشاملة لتحقيق التنمية المستدامة، وتوفير إمكانية الوصول إالى العدالة للجميع وبناء مؤسسات فعالة وخاضعة للمساءلة وشاملة للجميع على جميع المستويات
global_goals:17---short,SDGs를 위한 파트너십,الشراكات من أجل الأهداف
global_goals:17---title,이행수단 강화와 지속가능발전을 위한 글로벌 파트너십의 활성화,تعزيز وسائل التنفيذ وتنشيط الشراكة العالمية من أجل التنمية المستدامة
global_goals:2---short,기아종식,القضاء على الجوع
global_goals:2---title,"기아 종식, 식량안보와 개선된 영양상태의 달성, 지속 가능항 농업 강화",القضاء على الجوع وتحقيق الأمن الغذائي وتحسين التغذية وتعزيز الزراعة المستدامة 
global_goals:3---short,건강과 웰빙,صحة جيدة ورفاه
global_goals:3---title,모든 연령층을 위한 건강한 삶 보장과 복지 증진,ضمان حياة صحية وتعزيز الرفاهية للجميع في جميع الأعمار
global_goals:4---short,양질의 교육,تعليم ذو جودة
global_goals:4---title,모두를 위한 포용적이고 공평한 양질의 교육 보장 및 평생학습 기회 증진,ضمان التعليم الجيد الشامل والمنصف وتعزيز فرص التعلم مدى الحياة للجميع
global_goals:5---short,양성평등,المساواة بين الجنسين
global_goals:5---title,성평등 달성과 모든 여성 및 여아의 권익신장,تحقيق المساواة بين الجنسين وتمكين جميع النساء والفتيات 
global_goals:6---short,물과 위생,المياه النظيفة والصرف الصحي
global_goals:6---title,모두를 위한 물과 위생의 이용가능성과 지속가능한 관리 보장,ضمان التوافر والإدارة المستدامة للمياه والصرف الصحي للجميع
global_goals:7---short,깨끗한 에너지,الطاقة النظيفة والمتوفرة بأسعار معقولة 
global_goals:7---title,적정한 가격에 신뢰할 수 있고 지속가능한 현대적인 에너지에 대한 접근 보장,ضمان الوصول إالى الطاقة الحديثة والموثوقة والمستدامة والحديثة للجميع
global_goals:8---short,양질의 일자리와 경제성장,وظائف لائقة والنمو الاقتصادي
global_goals:8---title,"포용적이고 지속가능한 경제성장, 완전하고 생산적인 고용과 모두를 위한 양질의 일자리 증진",تعزيز النمو الاقتصادي المستدام والشامل والعمالة الكاملة والمنتجة والعمل اللائق للجميع 
global_goals:9---short,"산업, 혁신과 사회기반시설",الصناعة والابتكار والهياكل الأساسية 
global_goals:9---title,"회복력 있는 사회기반시설 구축, 포용적이고 지속가능한 산업화 증진과 혁신 도모",بناء هياكل أساسية مرنة، وتعزيز التصنيع الشامل والمستدام وتعزيز الابتكار
general:facebook,Facebook,فيسبوك
general:goal,목표,هدف
general:goals,목표,اهداف
general:home,Home,الصفحة الرئيسية  (Home page)
general:indicator,지표,مؤشر
general:indicators,지표,مؤشرات
general:loading,검색 결과를 불러오고 있습니다.,تحميل نتائج البحث
general:opens_new_window,새 창에서 열기,تنفتح في نافذة جديدة
general:sdg,지속가능발전목표,اهداف التنمية المستدامة
general:target,세부목표,استهداف
general:targets,세부목표,أهداف
general:twitter,Twitter,تويتر
search:found_in,found in,موجود في
search:indicator_search,검색어를 입력해 주세요.,بحث المؤشر
search:keywords,키워드,الكلمات الدالة
search:no_results,검색 결과가 없습니다.,لا يوجد نتائج
search:search,검색,بحث
search:search_results_for,검색 결과,نتائج البحث عن
global_targets:1-1---title,2030년까지 1일 생계비 1.25 달러 미만으로 살고 있는 모든 인구를 모든 곳에서 종식,القضاء على الفقر المدقع للناس أجمعين أينما كانوا بحلول عام 2030، وهو يُقاس حالياً بعدد الأشخاص الذين يعيشون بأقل من 1.25 دولار في اليوم
global_targets:1-2---title,"각 국가 빈곤정의에 따라 2030년까지 모든 측면에서 빈곤 속에 사는 모든 연령층의 남성, 여성, 그리고 아동 비율을 최소 절반으로 감소",تخفيض نسـبة الرجال والنساء والأطفال من جميع الأعمار الـذين يعـانون الفقر بجميع أبعاده وفقــاً للتعـاريف الوطنية بمقــدار النصف على الأقل، بحلول عام 2030
global_targets:1-3---title,"사회안전망을 포함하여 모두를 위해 국가별로 적합한 사회적 보호체제 및 조치를 이행하고, 2030년까지 빈곤층과 취약계층에 대한 실질적 보장을 달성",تنفيـذ نظم وطنية ملائمـة للحمايـة الاجتمـاعية وتـدابير للجميع ووضع حدود دنيا لها، وبحلول عام 2030، تحقيق تغطية واسعة للفقراء والضعفاء
global_targets:1-4---title,"2030년까지 모든 남성과 여성, 특히 빈곤층과 취약계층이 경제적 자원과  기본 서비스, 토지와 기타 형태의 재산에 대한 소유와 통제, 상속, 천연자원, 적정 신기술 및 소액금융을 포함한 금융서비스에 공평하게 접근할 수 있는 권리 보장",كفالة تمتع جميع الرجال والنساء، ولا سيما الفقراء والضعفاء منهم، بنفس الحقوق في الحصـول على الموارد الاقتصـادية، وكذلك حصـولهم على الخدمات الأسـاسـية، وعلى حق امتلاك الأراضي والتصـرّف فيها وغير ذلك من الحقوق المتعلّقة بأشكال الملكية الأخرى، وبالميراث، وبالحصـول على الموارد الطبيعية، والتكنولوجيا الجـديـدة الملائمـة، والخـدمـات المـاليـة، بمـا في ذلـك التمويـل المتنـاهي الصغر، بحلول عام 2030
global_targets:1-5---title,"2030년까지 빈곤층과 취약계층의 회복력을 키우고,  기후 관련 극한 상황 혹은 기타 경제적, 사회적, 환경적인 충격과 재난에 대한 노출 및 취약성을 감소",بناء قدرة الفقراء والفئات الضعيفة على الصـمود، والحد من تعرضـهم وتأثّرهم بالظواهر المتطرفة المتصـلة بالمناخ وغيرها من الهزات والكوارث الاقتصادية والاجتماعية والبيئية، بحلول عام 2030
global_targets:1-a---title,"개도국 특히, 최빈국이 모든 차원의 빈곤 퇴치 프로그램과 정책 제공을 위해  증강된 개발협력 을 포함하여 다양한 재원 동원 보장",كفالة حشـد موارد كبيرة من مصادر متنوعة، بوسـائل منها التعاون الإنمائي المعزّز، من أجل تزويد البلدان النامية، ولا سـيما أقل البلدان نمواً، بما يكفيها من الوسـائل التي يمكن التنبؤ بها من أجل تنفيذ برامج وسـياسات ترمي إلى القضاء على الفقر بجميع أبعاده
global_targets:1-b---title,"빈곤퇴치 활동에 대한 투자를 촉진하기 위해 빈곤층 친화적이고 성 인지적 재발전략을 기초로 한 국가, 지역, 글로벌 차원의 탄탄한 정책 프레임워크 수립",وضع أطر سـياسـاتية سـليمة على الصعد الوطنية والإقليمية والدولية، اسـتناداً إلى اسـتراتيجيات إنمائية مراعية لمصالح الفقراء ومراعية للمنظور الجنساني، من أجل تسـريع وتيرة الاسـتثمار في الإجراءات الرامية إلى القضاء على الفقر
global_targets:10-1---title,2030년까지 소득하위 40%의 소득성장률을 점진적으로 국가평균보다 높게 달성 및 유지,التوصل تدريجيا إلى تحقيق نمو الدخل ودعم اســتمرار ذلك النمو لأدنى 40 في المائة من السـكـان، بمعـدل أعلى من المعـدل المتوسط الوطني، بحلول عام 2030
global_targets:10-2---title,"2030년까지 연령, 성, 장애, 인종, 종교, 기타 사회경제적 지위를 막론하고 사회, 경제, 정치적 참여 권한 확대 및 촉진",تمكين وتعزيز الإدماج الاجتماعي والاقتصادي والسـياسي للجميع، بصـرف النظر عن السن أو الجنس أو الإعاقة أو الانتماء العرقي أو الإثني أو الأصــل أو الدين أو الوضع الاقتصــادي أو غير ذلك، بحلول عام 2030
global_targets:10-3---title,"차별적인 법, 정책 및 관행 등을 철폐하여 동등한 기회를 보장하고 소득 불평등 감소",كفالة تكافؤ الفرص، والحد من أوجه انعدام المسـاواة في النتائج، بوسـائل منها إزالة القوانين والسـياسات والممارسات التمييزية، وتعزيز التشـريعات والسـياسات والإجراءات الملائمة في هذا الصدد
global_targets:10-4---title,"재정정책, 임금정책, 사회보장정책 등을 채택하고 점진적으로 더 나은 평등을 달성",اعتماد سـياسـات، ولا سـيما سـياسـات مالية وسـياسـات بشأن الأجور والحماية الاجتماعية، وتحقيق مزيد من المساواة تدريجياً
global_targets:10-5---title,글로벌 금융시장 및 기관의 규제 및 모니터링 개선 및 이행조치 강화,تحسـين تنظيم الأسـواق والمؤسـسـات المالية العالمية ورصـدها وتعزيز تنفيذ تلك التنظيمات
global_targets:10-6---title,글로벌 국제경제 및 금융기관의 의사결정과정에서 개발도상국가의 입장이 반영되도록 강화,ضمان تعزيز تمثيل البلدان النامية وإسماع صوتها في عملية صنع القرار في المؤسسات الاقتصادية والمالية الدولية العالمية، من أجل تحقيق المزيد من الفعالية والمصداقية والمساءلة والشرعية للمؤسسات 
global_targets:10-7---title,"안전하고, 정기적이고, 책임 있는 인구의 이주 및 이동이 가능토록하고 잘 관리된 이민정책 수립 및 이행", تيسـير الهجرة وتنقل الأشـخاص على نحو منظم وآمن ومنتظم ومتسم بالمسـؤولية، بطرق منها تنفيذ سـياسات الهجرة المخطط لها والتي تتسم بحسن الإدارة
global_targets:10-a---title,"WTO협약에 따른 개발도상국(특히, 최빈개도국) 특별대우 규정 이행",تنفيذ مبدأ المعاملة الخاصة والتفضـيلية للبلدان النامية، وبخاصة أقل البلدان نمواً، بما يتماشـى مع اتفاقات منظمة التجارة العالمية
global_targets:10-b---title,"도움이 필요한 국가에(최빈개도국, 아프리카 국가, 군서도서개발국) ODA, 재원 지원, 직접투자 권장",تشجيع المساعدة الإنمائية الرسمية والتدفقات المالية، بما في ذلك الاستثمار الأجنبي المباشر، إالى الدول التي تشتد الحاجية فيها إاليها، ولا سيما أقل البلدان نمواً، والبلدان الأفريقية، والدول الجزرية الصغيرة النامية، والبلدان النامية غير الساحلية، وفقاً لخططها وبرامجها الوطنية
global_targets:10-c---title,2030년까지 이민자송금 수수료 3% 이하로 감소 및 5%를 초과하는 송금 장벽 제거,خفض تكاليف معاملات تحويلات المهاجرين إلى أقل من 3 في المائة، وإلغاء قنوات التحويلات المالية التي تربو تكاليفها على 5 في المائة، بحلول عام 2030
global_targets:11-1---title,2030년까지 모두에게 충분하고 안전 및 저렴한 주택 및 기본서비스 제공 그리고 빈민가 개선,كفالة حصول الجميع على مساكن وخدمات أساسية ملائمة وآمنة وميسورة التكلفة، ورفع مسـتوى الأحياء الفقيرة، بحلول عام 2030
global_targets:11-2---title,"2030년까지 모두에게(특히, 취약계층, 여성, 아동, 노인, 장애인) 안전 및 저렴하고 지속가능한 공공 교통시스템 제공",توفير إمكانية وصـول الجميع إلى نظم نقل مأمونة وميســورة التكلفة ويسـهل الوصـول إليها ومســتدامة، وتحســين الســلامة على الطرق، وخاصةً ً بتوســيع نطاق النقل العام، مع إيلاء اهتمام خاص لاحتياجات الأشـخاص الذين يعيشون في ظروف هشة والنساء والأطفـال والأشـخـاص ذوي الإعـاقـة وكبـار السـن، بحلول عـام 2030
global_targets:11-3---title,"2030년까지 포괄적이고 지속가능한 도시화와, 참여, 통합 및 지속가능한 거주지 계획 및 관리 역량 강화",تعزيز التوسع الحضري الشـامل للجميع والمســتدام، والقدرة على تخطيط وإدارة المسـتوطنات البشـرية في جميع البلدان على نحو قائم على المشاركة ومتكامل ومستدام، بحلول عام 2030
global_targets:11-4---title,세계문화 및 자연유산 보호 노력 강화,تعزيز الجهود الرامية إلى حماية وصـون التراث الثقـافي والطبيعي العالمي
global_targets:11-5---title,"2030년까지, 빈곤층과 취약계층 보호에 초점을 맞추어, 수해 등 재난으로 인한 사망자 및 피해자수를 대폭 줄이고 세계 총 GDP대비 직접적인 경제적 손실을 대폭 감소",تحقيق انخفـاض كبير في عـدد الوفيات وعـدد الأشـخـاص المتأثرين، وانخفاض كبير في الخسائر الاقتصادية المباشـرة المتصلة بالناتج المحلي الإجمالي العالمي التي تحدث بسـبب الكوارث، بما في ذلك الكوارث المتصلة بالمياه، مع التركيز على حماية الفقراء والأشخاص الذين يعيشون في ظروف هشة، بحلول عام 2030
global_targets:11-6---title,"대기의 질과 지자체 등의 폐기물 특별 관리를 포함하여, 2030년까지 도시화로 인한 부정적인 환경영향(인구 1인당)을 감소", الحد من الأثر البيئي السـلبي الفردي للمدن، بطُرق منها إيلاء اهتمـام خـاص لنوعيـة الهواء وإدارة نفـايـات البلـديـات وغيرهـا، بحلول عام 2030
global_targets:11-7---title,"2030년까지 포괄적이고 안전하며 보편적으로 접근 가능한 녹색 및 공공장소 제공 (특히, 여성, 아동, 노인, 장애인)",توفير ســبل اســتفادة الجميع من مســاحات خضــراء وأماكن عامة آمنة وشـاملة للجميع ويمكن الوصـول إليها، ولا سـيما بالنسـبة للنساء والأطفال وكبار السن والأشخاص ذوي الإعاقة، بحلول عام 2030
global_targets:11-a---title,"국가 및 지역개발계획을 강화하여 도시, 근교도시 그리고 농촌간의 긍정적인 경제, 사회 및 환경적 연결고리를 지원",دعم الروابط الإيجابية الاقتصادية والاجتماعية والبيئية بين المناطق الحضـرية والمناطق المحيطة بالمناطق الحضرية والمناطق الريفية، من خلال تعزيز تخطيط التنمية الوطنية والإقليمية
global_targets:11-b---title,"2020년까지 포용, 자원 효율, 기후 변화에 대한 완화와 적응, 재난에 대한 회복력을 위한 통합 정책 및 계획을 채택, 시행하는 도시와 거주지의 수를 대폭 확대하고, 2015-2030년 재난위험감소를 위한 센다이 프레임워크에 맞추어 모든 수준에서의 통합적인 재난위기관리를 구축하고 시행함",العمل، بحلول عام 2020، على تحقيق زيادة كبيرة في عدد المدن والمستوطنات البشرية التي تعتمد وتنفذ سياسات وخططا متكـاملـة من أجـل شمول الجميع، وتحقيق الكفـاءة في اسـتخـدام الموارد، والتخفيف من تغير المناخ والتكيف معـه، والقـدرة على الصـمود في مواجهة الكوارث، ووضع وتنفيذ الإدارة الكلية لمخاطر الكوارث على جميع المستويات، بما يتماشى مع إطار سِ نداي للحد من مخاطر الكوارث للفترة 2015-2030
global_targets:11-c---title,최빈개도국이 지역 건설자재를 사용하여 지속가능하고 탄력적인 건물을 만들 수 있도록 재원 및 기술적 지원을 비롯한 다양한 지원,دعم أقل البلدان نمواً، بوسائل منها تقديم المساعدة المالية والتقنية، في إقامة المباني المستدامة والقادرة على الصمود باستخدام المواد المحلية
global_targets:12-1---title,"선진국 주도하에, 개발도상국들의 역량과 발전을 고려하여, 지속가능한 소비 및 생산에 대한 10년 주기 프로그램 이행",تنفيذ الإطار العشـري للبرامج المتعلقة بأنماط الاسـتهلاك والإنتاج المسـتدامة، مع قيام جميع البلدان باتخاذ إجراءات، وتولي البلدان المتقـدمة النمو دور الريادة، مع مراعـاة مسـتوى التنمية في البلدان النامية وقدراتها
global_targets:12-2---title,2030년까지 천연자원의 효율적인 사용 및 지속가능한 관리 달성,تحقيق الإدارة المسـتـدامة والاستخـدام الكفؤ للموارد الطبيعية، بحلول عام 2030
global_targets:12-3---title,2030년까지 소매 및 소비자 수준에서 1인당 식품폐기물을 1/2로 감소하고 식품 생산 및 유통과정에서 발생하는 식품 손실량 감소,تخفيض نصيب الفرد من النفايات الغذائية العالمية على صعيد أماكن البيع بالتجزئة والمستهلكين بمقدار النصف، والحد من خسائر الأغذية في مراحل الإنتاج وسلاسل الإمداد، بما في ذلك خسائر ما بعد الحصاد، بحلول عام 2030
global_targets:12-4---title,"2020년까지, 합의된 국제 프레임워크에 따라 화학물질 및 모든 폐기물에 대해 수명 주기 동안 친환경적인 관리를 달성하고, 이들이 인체 건강 및 환경에 끼치는 부정적 영향을 최소화하기 위해, 공기, 물, 토양으로의 배출을 크게 감소",تحقيق الإدارة السليمة بيئياً للمواد الكيميائية وجميع النفايات طوال دورة عمرها، وفقاً للأطر الدولية المتفق عليها، والحد كثراً من إطلاقها في الهواء والماء والتربة من أجل التقليل إالى أدنى حد من آثارها الضارة على صحة الإنسان والبيئة، بحلول عام 2020
global_targets:12-5---title,"2030년까지 방지, 감축, 재생 및 재사용을 통하여 폐기물 발생 감소",الحد كثيراً من إنتاج النفايات، من خلال المنع والتخفيض وإعادة التدوير وإعادة الاستعمال، بحلول عام 2030
global_targets:12-6---title,"기업들이(특히, 대기업 및 다국적기업) 보고체계에 지속가능성 관련 정보를 반영토록하고 지속가능한 기업 활동을 이행하도록 권고",تشجيع الشركات، ولا سـيما الشـركات الكبيرة والشـركات عبر الوطنية، على اعتماد ممارسـات مسـتدامة، وإدراج معلومات الاستدامة في دورة تقديم تقاريرها
global_targets:12-7---title,국가정책 및 우선순위에 따라 지속가능한 공공조달 관행 촉진,تعزيز ممارسات الشراء العمومي المستدامة، وفقا للسياسات والأولويات الوطنية
global_targets:12-8---title,2030년까지 모든 곳에서의 사람들이 지속가능발전과 자연과 조화로운 라이프스타일에 대한 의식 및 정보를 가질 수 있게 보장,كفالة أن تتوافر للناس في كل مكان المعلومات ذات الصلة والوعي بالتنمية المســتدامة وأنماط العيش في وئام مع الطبيعة، بحلول عام 2030
global_targets:12-a---title,개발도상국이 지속가능한 소비 및 생산 방향으로 전환할 수 있게 과학기술 역량 강화 지원,دعم البلـدان النامية لتعزيز قــدراتها العلمية والتكنولوجية للمضي قدما نحو أنماط استهلاك وإنتاج أكثر استدامة
global_targets:12-b---title,일자리 창출 및 지역 문화 및 상품을 홍보하는 관광업의 지속가능발전 영향을 모니터링 하는 도구 개발 및 이행, وضع وتنفيذ أدوات لرصـد تأثيرات السـياحة المسـتدامة، التي توفر فرص العمل وتعزز الثقافة والمنتجات المحلية، في التنمية المستدامة
global_targets:12-c---title,"조세구조 조정 및 유해 보조금의 단계적 폐지를 통한 시장왜곡 요인 제거를 포함하여 에너지낭비를 부추기는 비효율적인 화석 연료 보조금의 합리화 이행 (이때, 개발도상국의 특수한 상황과 수요를 충분히 고려하고 취약계층을 보호를 통해 개도국의 발전에 대한 악영향을 최소화함)",ترشـيد إعانات الوقود الأحفوري غير الفعالة التي تشـجع على الإسـراف في الاسـتهلاك، وذلك بإزالة تشـوهات الأسـواق، وفقا للظروف الوطنية، بطُرق منها إعادة هيكلة الضرائب والتخلص بالتـدريج من الإعـانـت الضـارة، حيثما وجـدت، لإظهار آثـارهـا البيئية، مع إيلاء الاعتبار الكامل للاحتياجات والظروف الخاصة للبلدان النامية، والتقليل إلى أدنى حد ممكن من الآثار السـلبية على نموها على نحو يكفل حماية الفقراء والمجتمعات المحلية المتأثرة
global_targets:13-1---title,기후관련 위험요소와 자연재해에 대한 적응역량 및 탄력성 강화,تعزيز القـدرة على الصـمود في مواجهـة المخـاطر المرتبطـة بالمناخ والكوارث الطبيعية في جميع البلدان، وتعزيز القـدرة على التكيف مع تلك المخاطر
global_targets:13-2---title,"국가정책, 전략 및 계획에 기후변화 조치 통합",إدماج التدابير المتعلقة بتغير المناخ في السيـاسـات والاستراتيجيات والخطط الوطنية
global_targets:13-3---title,"기후 변화 완화, 적응, 영향 감소, 조기 경보에 대한 교육, 인식 고취, 인구 및 제도 역량 개선",تحسـين التعليم وإذكاء الوعي والقدرات البشـرية والمؤسـسـية بشـأن التخفيف من تغير المناخ، والتكيف معـه، والحـد من أثره والإنذار المبكر به 
global_targets:13-a---title,개발도상 국가들의 기후변화 완화 활동의 이행 및 녹색기후펀드의 완전한 운영을 위해 유엔기후변화협약 상의 선진국들의 공약인 연간 $1000억 동원 즉각 이행,نفيذ ما تعهدت به الأطراف من البلدان المتقدمة النمو في اتفاقية الأمم المتحدة الإطارية بشأن تغير المناخ من التزام بهدف التعبئة المشـتركة لمبلغ قدره 100 بليون دولار سـنوياً بحلول عام 2020 من جميع المصادر لتلبية احتياجات البلدان النامية، في سياق إجراءات تخفيفية مجدية وشفافية في التنفيذ، وجعل الصندوق الأخضـر للمناخ في حالة تشـغيل كامل بتزويده برأس المال في أقرب وقت ممكن
global_targets:13-b---title,"최빈개도국의 효과적인 기후변화 관련 계획 및 관리 역량 제고 메카니즘 촉진(취약계층, 여성, 청소년 및 소외집단 포함)",تعزيز الآليات اللازمة لتحسـين مسـتوى قدرات التخطيط والإدارة الفعـالين المتعلقين بتغير المنـاخ في أقـل البلـدان نموا، والـدول الجزرية الصغيرة النامية، بما في ذلك التركيز على النسـاء والشـباب والمجتمعات المحلية والمهمشة
global_targets:14-1---title,"2025년까지 해양 폐기물과 영양분 오염을 포함하여, 모든 형태의 해양 오염 방지 및 감소",منع التلوث البحري بجميع أنواعه والحد منه بقدر كبير، ولا سـيما التلوث الناجم عن الأنشـطة البرية، بما في ذلك الحطام البحري، وتلوث المغذيات، بحلول عام 2025
global_targets:14-2---title,2020년까지 회복력 및 복원활동을 강화하여 해양 및 연안 생태계를 지속 가능하게 관리하고 보호  조치 실행,إدارة النظم الإيكولوجية البحرية والساحليـة على نحو مسـتدام وحمايتها، من أجل تجنب حدوث آثار سـلبية كبيرة، بوســائل منها تعزيز قدرتها على الصــمود، واتخاذ الإجراءات اللازمة لإعـادتها إلى ما كانـت عليـه من أجـل تحقيق الصحة والإنتـاجيـة للمحيطات، بحلول عام 2020
global_targets:14-3---title,모든 수준에서의 과학협력을 포함하여 해양 산성화 최소화 및 그 영향에 대응,تقليل تحمض المحيطات إلى أدنى حد ومعالجة آثاره، بجملة وسائل منها تعزيز التعاون العلمي على جميع المستويات
global_targets:14-4---title,"2020년까지 효과적인 어업 규제, 불법·비보고·비규제 어업, 남획, 파괴적인 어업 방법 금지; 최단시간에 어획량을 복원하기 위한 과학적 관리계획 이행",تنظيم الصيد على نحو فعال، وإنهاء الصيد المفرط والصيد غير القانوني، وغير المبلغ عنه، وغير المنظم وممارسات الصيد المدمرة، وتنفيذ خطط إدارة قائمة على العلم، من أجل إعادة الأرصدة السمكية إالى ما كانت عليه في أقرب مقت ممكن، لتصل على الأقل إالى المستويات التي يمكن أن تتيح إنتاج أقصى غلة مستدامة وفقاً لما تحدده خصائصها البيولوجية، بحلول عام 2020
global_targets:14-5---title,2020년까지 가용한 과학적 정보 및 국가법·국제법과 일관되게 최소 연안 및 해양지역의 10% 보호,حفظ 10 في المائة على الأقـل من المناطق الساحليـة والبحرية، بما يتسـق مع القانون الوطني والدولي، واسـتناداً إلى أفضـل المعلومات العلمية المتاحة، بحلول عام 2020
global_targets:14-6---title,"WTO 어업보조금 협상에 개발도상국 및 최빈개도국에 대한 효과적인 특별대우가 중요함을 인정하고 2020년까지 생산과잉 및 남획, 불법·비보고·비규제 어업에 기여하는 특정형태의 어업 보조금 금지 그리고 이와 유사한 신규 보조금 도입 자제",حظر أشكال معينة من الإعانات المقدمة إلى مصائد الأسماك التي تسهم في الإفراط في قدرات الصيد وفي صيد الأسماك، وإلغاء الإعانات التي تسـاهم في صـيد الأسماك غير المشـروع وغير المبلغ عنه وغير المنظم، والإحجام عن اســتحداث إعانات جديدة من هذا القبيل، مع التسليم بضـرورة أن تكون المعاملة الخاصة  والتفضـيلية الملائمة والفعالة، للبلدان النامية وأقل البلدان نمواً، جزءاً لا يتجزأ من مفاوضات منظمة التجارة العالمية بشأن الإعانات المقدمة لمصائد الأسماك، بحلول عام 2020 (3)
global_targets:14-7---title,2030년까지 해양자원의 지속가능한 사용 및 관리를 통하여 최빈개도국 및 군서도서 개발국의 경제적 이익 증가,زيادة الفوائد الاقتصادية التي تتحقق للدول الجزرية الصـغيرة النامية وأقل البلدان نموا من الاسـتخدام المسـتدام للموارد البحرية، بجملة وسائل منها الإدارة المستدامة لمصائد الأسماك، وتربية الأحياء المائية، والسياحة، بحلول عام 2030
global_targets:14-a---title,"해양건강 개선 및 해양 다양성 강화를 통해 개발도상국가, 특히 군소도서 개발국과 최빈개도국들의 개발에 기여하도록 연구역량 증대 및 과학지식, 선진해양기술 이전(정부간해양학위원회의 해양기술이전에 대한 기준과 지침을 고려)",زيادة المعـارف العلمية، وتطوير قـدرات البحـث، ونقـل التكنولوجيا البحريـة، مع مراعـاة معـايير اللجنة الأوقيـانوغرافية الحكومية الـدوليـة ومبادئها التوجيهيـة المتعلقــة بنقــل التكنولوجيا البحرية، من أجل تحســين صحة المحيطات، وتعزيز إسـهام التنوع البيولوجي البحري في تنمية البلدان النامية، ولا ســيما الدول الجزرية الصغيرة النامية وأقل البلدان نموا
global_targets:14-b---title,소규모 영세어업자들에 해양자원 및 시장 접근성 제공,تيسـير وصـول صغار الصـيادين الحرفيين إلى الموارد البحرية والأسواق
global_targets:14-c---title,우리가 원하는 미래 (The Future We Want) 보고서의 158번째 단락에서 상기된 대양 및 대양자원의 보전 및 지속가능한 이용을 위한 법적기반을 제시하는 UNCLOS에 반영된 국제법 이행을 통해 대양 및 대양 자원의 보전 및 지속가능한 이용을 개선,تعزيز حفظ المحيطات ومواردها واســتخدامها اســتخداما مسـتداما بتنفيذ القانون الدولي بصـيغته الواردة في اتفاقية الأمم المتحدة لقانون البحار التي تضـع الإطار القانوني لحفظ المحيطات ومواردها واســتخدامها على نحو مســتدام، على نحو ما تشـير إليه الفقرة 158 من وثيقة “المستقبل الذي نصبو إليه”
global_targets:15-1---title,"2020년까지, 국제 협약 의무에 따라, 특히 산림, 습지, 산, 건조지 등의 육지 및 내륙 담수 생태계와 그 서비스에 대한 보전, 복원 및 지속가능한 사용을 보장",كفـالة حفظ وترميم النظم الإيكولوجيـة البرية والنظم الإيكولوجية للمياه العذبة الداخلية وخدماتها، ولا ســيما الغابات والأراضـي الرطبة والجبال والأراضي الجافة، وكفالة اسـتخدامها على نحو مستدام، وذلك وفقاً للالتزامات المنصوص عليها في الاتفاقات الدولية، بحلول عام 2020
global_targets:15-2---title,"2020년까지 모든 형태의 산림에 대한 지속가능한 관리를 촉진시키고, 산림벌채를 중단하고, 황폐화된 산림을 복원하고 전 세계적으로 조림과 재식림을 대폭 확대",تعزيز تنفيذ الإدارة المسـتدامة لجميع أنواع الغابات، ووقف إزالة الغابات، وترميم الغابات المتدهورة وتحقيق زيادة كبيرة في نسبة التشـجير وإعادة غرس الغابات على الصـعيد العالمي، بحلول عام 2020
global_targets:15-3---title,"2030년까지 사막화 퇴치와 사막화, 가뭄, 홍수로 영향을 받은 토지를 포함하여, 황폐화된 토지 및 토양 복원, 그리고 토지 황폐화 가 없는 세계 달성을 위해 노력",مكافحة التصحر، وترميم الأراضي والتربة المتدهورة، بما في ذلك الأراضي المتأثرة بالتصحر والجفاف والفيضانات، والسعي إلى تحقيق عالم ٍ خالٍ من ظاهرة تدهور الأراضي، بحلول عام 2030
global_targets:15-4---title,"2030년까지 지속가능발전에 필수적인 이익을 주는 산림생태계의 수용력을 증진하기 위해, 생물다양성을 포함한 산림 생태계 보존을 보장",كفالة حفظ النظم الإيكولوجية الجبلية، بما في ذلك تنوعها البيولوجي، من أجــل تعزيز قــدرتهـا على توفير المنافع التي لا غنى عنها لتحقيق التنمية المستدامة، بحلول عام 2030
global_targets:15-5---title,자연 서식지의 황폐화를 감소시키고 생물다양성의 손실을 중단시키기 위해 시급하고 대대적인 조치를 취하고 2020년까지 멸종위기 종을 보호하고  멸종을 예방,اتخـاذ إجراءات عـاجلـة وهـامـة للحـد من تـدهور الموائـل الطبيعية، ووقف فقـدان التنوع البيولوجي، والقيام، بحلول عام 2020، بحماية الأنواع المهدَّدة ومنع انقراضها
global_targets:15-6---title,"국제적으로 합의된 바와 같이, 유전자원의 활용으로부터 발생하는 이익의 공정하고 공평한 분배 보장 및 유전자원에 대한 적절한 접근 증대",تعزيز التقاسـم العادل والمنصـف للمنافع الناشـئة عن اســتخدام الموارد الجينية، وتعزيز الســبل المناســبة للوصــول إلى تلك الموارد، على النحو المتفق عليه دوليا
global_targets:15-7---title,"보호동식물의 밀렵과 밀매 근절을 위한 즉각적인 행동을 촉구하고, 불법야생동식물제품의 수요와 공급에 대응",اتخاذ إجراءات عاجلة لوقف الصـيد غير المشـروع للأنواع المحمية من النباتات والحيوانات والاتجار بها، والتصـدي لمنتجات الأحياء البرية غير المشـروعة، على مسـتويي العرض والطلب على السواء
global_targets:15-8---title,"2020년까지 육상 및 수중 생태계를 교란하는 외래종의 유입을 방지하고, 그로 인한 영향을 현저히 감소시키는 방안을 도입하며, 우선대응 및 대상종을 통제 및 박멸",اتخـاذ تـدابير لمنع إدخـال الأنواع الغريبـة الغـازيـة إلى النظم الإيكولوجية للأراضي والمياه وتقليل أثر ذلك إلى حد كبير، ومراقبة الأنواع ذات الأولوية أو القضاء عليها، بحلول عام 2020
global_targets:15-9---title,2020년까지 생태계 및 생물다양성 가치를 국가 및 지역 계획․개발 과정 그리고 빈곤퇴치 전략 및 회계에 반영,إدمـاج قيم النظم الإيكولوجيـة والتنوع البيولوجي في عمليات التخطيط، والعمليات الإنمائية، واسـتراتيجيات الحد من الفقر، والحسـابات، على الصـعيدين الوطني والمحلي، بحلول عام 2020
global_targets:15-a---title,생물다양성 및 생태계 보호 및 지속가능한 사용을 위한 재원 동원,حشد الموارد المالية من جميع المصادر وزيادتها زيادة كبيرة بغرض حفظ التنوع البيولوجي والنظم الإيكولوجية واســتخدامها استخداماً مستداماً
global_targets:15-b---title,지속가능한 삼림관리에 대한 재원 마련을 위해 모든 수준에서 주요한 자원을 모두 동원하고 개발도사국이 보존 및 재식림 등을 위한 삼림 관리를 즈진할 수 있도록 충분한 인센티브를 제공,حشـد موارد كبيرة من جميع المصادر وعلى جميع المسـتويات بغرض تمويل الإدارة المسـتدامة للغابات وتوفير ما يكفي من الحوافز للبلدان النامية لتعزيز تلك الإدارة، تحقيقا لأغراض منها حفظ الغابات وإعادة التحريج
global_targets:15-c---title,지속가능한 생계수단의 추구를 위한 지역사회의 역량 제고를 포함하여 멸종위기종의 밀렵 및 밀매 활동 근절을 위한 글로벌 차원의 노력 강화,تعزيز الدعم العالمي للجهود الرامية إلى مكافحة الصـيد غير المشـروع للأنواع المحمية والاتجار بها، وذلك بوسـائل تشـمل زيادة قدرات المجتمعات المحلية على السـعي إلى الحصـول على فرص سبل كسب الرزق المستدامة
global_targets:16-1---title,모든 지역에서 일어나는 모든 형태의 폭력과 관련 사망률을 상당 수준으로 감소,
global_targets:16-10---title,국내법 및 국제조약에 따라 정보에 대한 대중의 접근성을 보장하고 기본적인 자유를  보호,كفـالة وصـول الجمهور إلى المعلومـات وحمـاية الحريات الأساسية، وفقاً للتشريعات الوطنية والاتفاقات الدولية
global_targets:16-2---title,"아동에 대한 학대, 착취, 인신매매 및 모든 형태의 폭력과 고문 종식",إنهاء ما يتعرض له الأطفال من سوء المعاملة والاسـتغلال والاتجار بالبشر وجميع أشكال العنف والتعذيب
global_targets:16-3---title,"국가적 및 국제적 수준에서 법치를 증진하며, 모두에게 평등한 사법 접근권을 보장",تعزيز ســيادة القانون على الصـعيدين الوطني والدولي، وكفالة تكافؤ الفرص لوصول الجميع إلى العدالة
global_targets:16-4---title,"2030년까지 불법 자금 및 무기 거래를 상당 수준으로 감소, 은닉재산 회수 및 환수를 강화하며, 모든 형태의 조직화된 범죄를 방지",الحـد بقـدر كبير من التـدفقـات غير المشـروعــة للأموال والأسـلحة، وتعزيز اسـترداد الأصول المسروقة وإعادتها ومكافحة جميع أشكال الجريمة المنظمة، بحلول عام 2030
global_targets:16-5---title,모든 형태의 부정부패 및 뇌물을 대폭 감소,الحد بقدر كبير من الفساد والرشوة بجميع أشكالهما
global_targets:16-6---title,"모든 수준에서 효과적이고, 책임 있고, 투명한 제도 개발",إنشاء مؤسـسـات فعالة وشـفافة وخاضعة للمساءلة على جميع المستويات
global_targets:16-7---title,"모든 수준에서 의사결정이 대응적, 포용적, 참여적이며 대표성을 갖출 수 있도록 보장",كفالة اتخاذ القرارات على نحو مســتجيب للاحتياجات وشامل للجميع وتشاركي وتمثيلي على جميع المستويات
global_targets:16-8---title,글로벌 거버넌스 제도 하에서 개발도상국의 참여를 확대하고 강화,توسيع وتعزيز مشاركة البلدان النامية في مؤسسات الحوكمة العالمية
global_targets:16-9---title,2030년까지 출생등록을 포함하여 모두에게 법적신원 제공,توفير هوية قانونية للجميع، بما في ذلك تسجيل المواليد
global_targets:16-a---title,"폭력예방 및 테러, 범죄 예방 차원에서  모든 수준, 특히 개도국에서 역량강화를 위해 국제협력 등을 포함하여 관련된 국내 제도 강화",تعزيز المؤســسـات الوطنية ذات الصلة، بجملة أمور منها التعاون الدولي، من أجل بناء القدرات على جميع المسـتويات، ولا سيما في البلدان النامية، لمنع العنف ومكافحة الإرهاب والجريمة
global_targets:16-b---title,지속가능발전을 위한 비차별적 법률과  정책의 증진 및 강화, تعزيز القوانين والسياسات غير التمييزية وإنفاذُها لتحقيق التنمية المستدامة
global_targets:17-1---title,조세 및 기타 수입 징수 국내역량 개선을 위해 국내재원 동원 강화 (개발도상국에 대한 국제지원 포함),
global_targets:17-10---title,"도하개발의제 협상 타결을 통하여 세계무역기구(WTO)하에서의 보편적, 규칙기반, 개방적, 비차별적, 공평한 다자무역제도 촉진",إيجاد نظام تجـاري متعـدد الأطراف عـالمي وقـائم على القواعـد ومفتوح وغير تمييزي ومنصـف في إطـار منظمـة التجـارة العالمية، بوسـائل منها اختتام المفاوضات الجارية في إطار خطة الدوحة الإنمائية التي وضعتها تلك المنظمة
global_targets:17-11---title,2020년까지 전 세계 수출에서 최빈개도국의 비중을 2배 증대하는 것을 목표로 개발도상국의 수출을 대폭 증대,تحقيق زيادة كبيرة في صادرات البلدان النامية، ولا سـيما بغرض مضاعفة حصة أقل البلدان نمواً من الصادرات العالمية بحلول عام 2020
global_targets:17-12---title,최빈개도국 수입품에 대한 특혜 원산지규정 투명성 및 명료성을 포함하여 최빈개도국의 무관세 및 수량규제 없는 시장접근에 대한 WTO 결정을 시의성 있게 이행,تحقيق التنفيذ المناسـب التوقيت لوصـول منتجات جميع أقل البلدان نمواً إلى الأسـواق بدون رسـوم جمركية أو حصـص مفروضة، تماشـياً مع قرارات منظمة التجارة العالمية، بوسائل منها كفالة جعل قواعد المنشأ التفضـيلية المنطبقة على واردات أقل البلدان نمواً شـفافةً وبسـيطةً، وكفالة مسـاهمة تلك القواعد في تيسـير الوصول إلى الأسواق
global_targets:17-13---title,정책일관성 및 조율을 통하여 글로벌거시경제 안전성 강화,تعزيز اسـتقرار الاقتصاد الكلي على الصعيد العالمي، بوسائل تشمل تنسيق السياسات وتحقيق اتساقها
global_targets:17-14---title,지속가능발전을 위한 정책일관성 강화,تعزيز اتساق السياسات لأغراض التنمية المستدامة
global_targets:17-15---title,빈곤퇴치아 지속가능발전을 위한 정책을 수립하고 이행하는데 있어 각국의 정책적 재량과 리더십 존중,احترام الهامش السياساتي والقيادة لكل بلد لوضع وتنفيذ سياسات للقضاء على الفقر وتحقيق التنمية المستدامة
global_targets:17-16---title,"모든 국가, 특히 개도국에서 SDGs 달성을 지원하기 위해, 지식·전문성·기술·재원을 동원 공유하는 다양한 이해당사자간 파트너십에 의해 보완되는 지속가능발전을 위한 글로벌 파트너십 강화",تعزيز الشـراكة العالمية من أجل تحقيق التنمية المســتدامة، وتكميلها بشـراكات بين أصـحاب المصـلحة المتعددين لجمع المعـارف والخبرات والتكنولوجيا والموارد المـاليـة وتقـاسمهـا، وذلـك بهدف دعم تحقيق أهداف التنمية المسـتدامة في جميع البلدان، ولا سيما البلدان النامية
global_targets:17-17---title,"파트너십의 경험과 재원조달 전략에 기초하여 효과저긴 공공, 민관, 시민사회  간 파트너십 권장 및 촉진",تشجيع وتعزيز الشراكات العامة والشـراكات بين القطاع العام والقطاع الخاص وشـراكات المجتمع المدني الفعالة، بالاسـتفادة من الخبرات المكتسبة من الشراكات ومن استراتيجياتها لتعبئة الموارد
global_targets:17-18---title,"2020년까지 고품질의, 시의성 있고 신뢰도 높은 데이터를 소득, 성, 인종, 민족, 이민·이주신분, 장애상태, 지리적 위치, 기타 국가별 상황에 맞는 특성별로 세분화하여 제공할 수 있도록 개발도상국의 역량 구축 지원 강화", تعزيز تقـديم الدعم لبناء قـدرات البلـدان النـاميـة، بمـا في ذلك أقل البلدان نمواً والدول الجزرية الصغيرة النامية، لتحقيق زيادة كبيرة في توافر بيانات عالية الجودة ومناسبة التوقيـت وموثوقـة ومفصلة حسـب الدخل، والجنس، والسـن، والانتماء العرقي والإثني، والوضع من حيـث الهجرة، والإعـاقـة، والموقع الجغرافي، وغيرها من الخصائص ذات الصلة في السـياقات الوطنية، بحلول عام 2020
global_targets:17-19---title,"2030년까지 GDP 보완을 위한 지속가능바전 성과 측정치 개발에 대한 현존 이니셔티브를 기반으로 이를 발전시키고, 개도국의 통계역량구축을 지원",الاسـتفادة من المبادرات القائمة لوضع مقاييس للتقدم المحرز في تحقيق التنميـة المسـتـدامـة تكمـل الناتج المحلي الإجمـالي، ودعم بناء القـدرات الإحصائيـة في البلدان النامية، بحلول عـام 2030
global_targets:17-2---title,"선진국은 개도국에 GNI의 0.7%를, 최빈개도국에 GNI의 0.15-0.20%를 ODA로 제공하는 것을 포함한 ODA 공약달성을 완전히 이행해야 하고, ODA 제공 국가는 적어도 GNI의 0.20%를 최빈개도국에 제공하는 것을 목표로 고려할 것을 권장","قيام البلدان المتقدمة النمو بتنفيذ التزاماتها في مجال المساعدة الإنمائية الرسمية تنفيذاً كاملاً، بما في ذلك التزام العديد من تلك البلدان ببلوغ هدف تخصيص نسبة 0,7 في المائة من دخلها القومي الإجمالي للمساعدة الإنمائية الرسمية المقدمة إالى البلدان النامية، وتخصيص نسبة تتراوح بين 0,15 في المائة و 0,20 في المائة من الدخل القومي الإجمالي للمساعدة الإنمائية الرسمية لأقل البلدان نمواً؛ ويشجَّع مقدمو المساعدة الإنمائية الرسمية على النظر في إمكانية رسم هدف يُخصص بموجبه 0,20 في المائة على الأقل من الناتج القومي الإجمالي للمساعدة الإنمائية الرسمية لأقل البلدان نمواً"
global_targets:17-3---title,개발도상국을 위해 다양한 출처로부터  추가적인 재원 동원,حشـد موارد مالية إضافية من مصادر متعددة من أجل البلدان النامية
global_targets:17-4---title,"필요한 경우 부채조달, 부채탕감, 부채조정을 목표로 하는 정책조율을 통해 개발도상국이 장기적인 부채 상환능력을 갖출수있도록 지원; 고채무국의 채무부담을 완화하기 위해 외채문제에 대응",مساعدة البلدان النامية في تحقيق القدرة على تحمل الديون على المدى الطويل من خلال تنسيق السـياسـات الرامية إلى تعزيز التمويل بديون وتخفيف أعباء الديون وإعادة هيكلتها، حسـب الاقتضاء، ومعالجة مسألة الديون الخارجية للبلدان الفقيرة المثقلة بها لإخراجها من حالة المديونية الحرجة
global_targets:17-5---title,최빈개도국을 위한 투자촉진계획을 채택하고 이행,اعتمـاد نظم لتشـجيع الاسـتثمـار لأقـل البلـدان نمواً وتنفيذها
global_targets:17-6---title,"과학, 기술, 혁신에 관한 북-남, 남-남, 삼각협력 등의 지역 및 국가 간 협력과 접근을 강화; 글로벌 기술촉진 메커니즘 활용 및 특히 UN 차원에서 마련된 기존 메커니즘 간의 조정을 개선하여 상호합의된 조건에 따른 지식공유 확대",تعزيز التعاون الإقليمي والدولي بين الشـمال والجنوب وفي مـا بين بلـدان الجنوب والتعاون الثلاثي في مـا يتعلق بالعلوم والتكنولوجيا والابتكار والوصـول إليها، وتعزيز تبادل المعارف وفق شـروط متفق عليها، بوسائل تشـمل تحسـين التنسـيق في ما بين الآليات القائمة، ولا سـيما على مسـتوى الأمم المتحدة، ومن خلال آلية عالمية لتيسير التكنولوجيا
global_targets:17-7---title,"상호합의에 따라 양허, 특혜 등 유리한 조건으로 개발도상국에 환경적으로 안전한 기술의 개발, 이전, 전파 및 확산을 증진",تعزيز تطوير تكنولوجيات سليمة بيئياً ونقلها ونشرها وتعميمها في البلدان النامية بشـروط مواتية، بما في ذلك الشـروط التساهلية والتفضيلية، وذلك على النحو المتفق عليه
global_targets:17-8---title,2017년까지 최빈개도국을 위한 기술은행 및 과학기술혁신 역량구축 메카니즘 운영을 전면 가동하고 정보통신기술(ICT) 위주의 핵심기술 사용을 강화,التفعيـل الكامل لبنك التكنولوجيا وآلية بناء القـدرات في مجالات العلم والتكنولوجيا والابتكار لصالح أقل البلدان نمواً بحلول عام 2017، وتعزيز اسـتخدام التكنولوجيات التمكينية، ولا سـيما تكنولوجيا المعلومات والاتصالات
global_targets:17-9---title,"북남, 남-남, 삼각협력을 통하여, SDGs를 효과적으로 달성하기 위한 국가계획을 지원할 개도국의 효과적, 선별적 역량구축 이행에 대한 국제적 지원을 강화",تعزيز الدعم الدولي لتنفيذ بناء القدرات في البلدان النامية تنفيذاً فعالاً ومحدد الأهداف من أجل دعم الخطط الوطنية الرامية إلى تنفيذ جميع أهداف التنمية المسـتدامة، بوسائل تشـمل التعاون بين الشمال والجنوب وفي ما بين بلدان الجنوب والتعاون الثلاثي
global_targets:2-1---title,"2030년까지 기아를 종식시키고 모든 사람, 특히 영·유아를 포함한 빈곤층 및 취약계층이 안전하고 영양가 있으며 충분한 식량에 접근할 수 있도록 보장",القضاء على الجوع وكفالة حصول الجميع، ولا سيما الفقراء والفئات الضعيفة، بمن فيهم الرضع، على ما يكفيهم من الغذاء المأمون والمغذّي طوال العام، بحلول عام 2030
global_targets:2-2---title,"2025년까지 5세 미만의 발육부진 및 쇠약에 관한 국제 목표 달성을 포함하여 2030년까지 모든 형태의 영양 부족을 종식시키고 여성 청소년, 임산부, 수유여성 및 노년층의 영양상태 개선",إنهاء جميع أشـكال سـوء التغذية، بحلول عام 2030، بما في ذلك تحقيق الأهداف المتفق عليها دولياً بشأن توقف النمو والهزال لدى الأطفال دون سن الخامسـة، ومعالجة الاحتياجات التغـذويـة للمراهقـات والحوامل والمراضع وكبار السـن، بحلول عام 2025
global_targets:2-3---title,"2030년까지 토지 및 기타 생산자원과 투입요소, 지식, 금융서비스, 시장 및 부가가치 창출과 비농업부문 고용 기회에 대한 안전하고 동등한 접근을 통해 소규모 식량생산자, 특히 여성, 토착민, 가족농, 목축업자 및 어민의 농업 생산성과 소득을 두 배로 증가",مضاعفة الإنتاجية الزراعية ودخل صغار منتجي الأغذية، ولا سيما النساء وأفراد الشعوب الأصلية والمزارعون الأسريون والرعاة والصيادون، بوسائل تشـمل كفالة المساواة في حصـولهم على الأراضي وعلى موارد الإنتاج الأخرى، والمـدخلات، والمعـارف، والخدمات المالية، وإمكانية وصــولهم إلى الأسـواق، وحصـولهم على الفرص، لتحقيق قيمة مضافة، وحصولهم على فرص عمل غير زراعية، بحلول عام 2030
global_targets:2-4---title,"2030년까지 생산성과 생산량을 증가시키고 생태계 유지에 도움이 되며 기후변화, 기상 이변, 가문, 홍수 및 기타 자연재해데 대한 적응력을 강화하고 토지와 토양의 질을 점진적으로 향상 시킬 수 있는 지속가능한 식량생산체계를 보장하며, 회복력 있는 농업 관행을 이행",كفالة وجود نظم إنتاج غذائي مسـتدامة، وتنفيذ ممارسات زراعية متينة تؤدي إلى زيادة الإنتاجية والمحاصـيل، وتسـاعد على الحفاظ على النظم الإيكولوجيــة، وتعزز القــدرة على التكيف مع تغير المنــاخ وعلى مواجهة أحوال الطقس الشــديدة وحالات الجفاف والفيضــانات وغيرها من الكوارث، وتحسِّن تدريجيا نوعية الأراضي والتربة، بحلول عام 2030
global_targets:2-5---title,"2020년까지 국가적, 지역적, 국제적 차원에서 건전하게 관리되고 다변화된 종자 및 식물 은행 등을 통해 종자, 재배식물, 가축과 사육동물 및 관련 야생종의 유전적 다양성을 유지하고, 국제적으로 합의된 바와 같이 유전자원과 관련 전통지식의 이용으로부터 발생하는 이익의 공정하고 공평한 분배에 대한 접근을 개선",الحفاظ على التنوع الجيني للبذور والنباتات المزروعة والحيوانات المدجنة والأليفة وما يتصل بها من الأنواع البرية، بوسائل تشمل بنوك البذور والنباتات المتنوّعة التي تدار إدارة سـليمة على الصعد الوطنية والإقليمية والدولية، وكفالة الوصـول إليها، وتقاسـم المنافع الناشـئة عن اسـتخدام الموارد الجينية وما يتّصل بها من معارف تقليدية بعدل وإنصاف على النحو المتفق عليه دولياً، بحلول عام 2020
global_targets:2-a---title,"개발도상국 특히, 최빈개도국의 농업 생산역량 강화를 위해 국제협력 증진을 통해 농촌 지역 사회기반시설, 농업 연구 및 지원 서비스, 기술 개발, 식물 및 가축 유전자은행에 대한 투자 확대",زيادة الاسـتثمار، بطرق تشـمل التعاون الدولي المعزّز، في الهياكل الأسـاسـية الريفية، وفي البحوث الزراعية وخدمات الإرشـاد الزراعي، وفي تطوير التكنولوجيا وبنوك الجينات الحيوانية والنباتية من أجل تعزيز القدرة الإنتاجية الزراعية في البلدان النامية، لا سـيما في أقل البلدان نمواً
global_targets:2-b---title,도하개발라운드에 따른 농산품 보조금 철폐를 포함하여 세계농업시장에서의 무역규제 및 왜곡 시정,منع القيود المفروضة على التجارة وتصحيح التشـوهات في الأسواق الزراعية العالمية، بطرق تشمل الإلغاء الموازي لجميع أشكال إعانات الصـادرات الزراعية، وجميع تدابير التصـدير ذات الأثر المماثل، وفقا لتكليف جولة الدوحة الإنمائية
global_targets:2-c---title,지나친 식품가격 변동성 제어에 도움이 되도록 식품상품 시장의 정상적인 기능을 위한 조치 채택,اعتماد تدابير لضـمان سـلامة أداء أسواق السلع الأساسـية ومشتقاتها، وتيسير الحصول على المعلومات عن الأسواق في الوقت المناسـب، بمـا في ذلـك عن الاحتيـاطيـات من الأغـذيـة، وذلـك للمساعدة على الحد من شدة تقلب أسعارها
global_targets:3-1---title,2030년까지  모성사망비율을 10만 명 당 70명미만으로 감소,"خفض النسبة العالمية للوفيات النفاسية إالى أقل من 70 حالة لكل 100,000 من المواليد الأحياء"
global_targets:3-2---title,"2030년까지 신생아와 5세미만의 예방가능한 사망을 종식시켜, 모든 국가의 신생아 사망률을 1000명당 최소 12명 이하,  5세 미만 사망률을 1000명당 최소 25명 이하 목표","إنهاء وفيات المواليد والأطفال دون سـن الخامسة التي يمكن تفاديها، بحلول عام 2030، بسـعي جميع البلدان إلى بلوغ هدف خفض وفيات المواليد على الأقــل إلى 12 حـالة وفـاة في كل 1,000 مولود حي، وخفض وفيات الأطفال دون سـن الخامسـة إلى 25 حالة وفاة على الأقل في كل 1,000 مولود حي"
global_targets:3-3---title,"2030년까지 후천성면역결핍증(AIDS), 결핵, 말라리아 및  소외열대질환의 확산을  종식시키고, 간염, 수인성 질병 및 기타 전염성 질병 방지",القضاء على أوبئة الإيدز والسل والملاريا والأمراض المدارية المهملة، ومكافحة الالتهاب الكبـدي الوبـائي، والأمراض المنقولة بالمياه، والأمراض المعدية الأخرى بحلول عام 2030
global_targets:3-4---title,2030년까지 예방과 치료를 통해 비전염성 질병으로 인한 조기 사망을 1/3로 감소시키고 정신건강과 웰빙을 향상,خفض الوفيـات المبكرة الناجمـة عن الأمراض غير المعـدية بمقـدار الثلـث بتوفير الوقـايـة والعلاج وتعزيز الصحـة والسلامـة العقلية، بحلول عام 2030
global_targets:3-5---title,마약 및 해로운 알코올을 포함하여 약물남용 예방 및 치료 강화,تعزيز الوقاية من إساءة اسـتعمال المواد المخدرة، بما في ذلك تعـاطي المخـدرات وتنـاول الكحول على نحو يضر بالصحة، وعلاج ذلك
global_targets:3-6---title,"2020년까지, 도로교통사고로 인한 사망자 및 부상자 수를 절반으로 감소",خفض عدد الوفيات والإصابات الناجمة عن حوادث المرور على الصعيد العالمي إلى النصف بحلول عام 2020
global_targets:3-7---title,"2030년까지 가족계획, 정보및교육 등을 포함한 성 및 생식보건서비스에 대한 보편적 접근을 보장하고 생식보건을 국가전략과 프로그램에 통합",ضـمان حصـول الجميع على خدمات رعاية الصـحة الجنسـية والإنجابية، بما في ذلك خدمات ومعلومات تنظيم الأسـرة والتثقيف بشـأنها، وإدماج الصحة الإنجابية في الاستراتيجيات والبرامج الوطنية، بحلول عام 2030
global_targets:3-8---title,"재정 위험 보호, 양질의 필수 보건서비스, 모두에게 안전하고 효과적이며 합리적인 가격의 필수 약품 및 백신에 대한 접근 등을 포함하는 보편적 건강보장 서비스 제공",تحقيق التغطية الصـحية الشـاملة، بما في ذلك الحماية من المخاطر المالية وإمكانية الحصول على خدمات الرعاية الصحية الأساسية الجيدة، وإمكانية حصول الجميع على الأدوية واللقاحات الأساسية المأمونة والجيّدة والفعالة والميسورة التكلفة
global_targets:3-9---title,"2030년까지 유해화학물질, 대기오염, 수질오염, 토양 오염으로 인한 사망 및 질병 건수를 상당 수준으로 감소",الحـد بقـدر كبير من عـدد الوفيات والأمراض الناجمة عن التعرّض للمواد الكيميائية الخطرة، وتلوّث الهواء والماء والتربة، بحلول عام 2030
global_targets:3-a---title,WHO 담배규제기본협약 이행 강화,تعزيز تنفيذ اتفاقية منظمة الصحة العالمية الإطارية بشـأن مكافحة التبغ في جميع البلدان، حسب الاقتضاء
global_targets:3-b---title,"개도국에서 주로 발생하는 전염성 및 비전염성 질병에 대한 백신 및 약품 개발과 연구 지원, 저렴한 가격의 필수 의약품 및 백신의 제공, 특히 모두에게 의약품에 대한 접근을 보장",دعم البحث والتطوير في مجال اللقاحات والأدوية للأمراض المعدية وغير المعدية التي تتعرض لها البلدان النامية في المقام الأول، وتوفير إمكانية الحصـول على الأدوية واللقاحات الأسـاسـية بأسـعار معقولـة، وفقـاً لإعلان الـدوحـة بشأن الاتفـاق المتعلق بـالجوانـب المتصــلة بالتجارة من حقوق الملكية الفكرية وبالصــحة العامة، الذي يؤكد حق البلدان النامية في الاسـتفادة بالكامل من الأحكام الواردة في الاتفاق بشأن الجوانب المتصلة بالتجارة من حقوق الملكية الفكرية المتعلقة بأوجه المرونة اللازمة لحماية الصحة العامة، ولا سيما العمل من أجل إمكانية حصول الجميع على الأدوية
global_targets:3-c---title,"최빈개도국 및 개도국에서의 보건인력 양성, 훈련 및 보건 분야 재원을 상당 수준 증가",تحقيق زيـادة كبيرة في تمويـل قطـاع الصـحـة، وتوظيف قوى عـاملـة في هـذا القطـاع وتطويرهـا وتـدريبهـا واسـتبقـائهـا في البلـدان النامية، وبخاصة في أقل البلدان نموا والدول الجزرية الصغيرة النامية
global_targets:3-d---title,"모든 국가, 특히 개도국의 조기경보, 위험 감소, 국가 및 글로벌 보건리스크 관리 역량 강화",تعزيز قدرات جميع البلدان، ولا ســيما البلدان النامية، في مجـال الإنـذار المبكر والحـد من المخـاطر وإدارة المخـاطر الصـحيـة الوطنية والعالمية
global_targets:4-1---title,2030년까지 모든 여아와 남아가 적절하고 효과적인 학습성과를 거둘 수 있도록 공평하고 양질의 무상 초등교육과 중등교육의 이수를 보장,ضـمـان أن يتمتّع جميع الفتيــات والفتيــان بتعليم ابتــدائي وثانوي مجاني ومنصـف وجيّد يؤدي إلى تحقيق نتائج تعليمية ملائمة وفعالة بحلول عام 2030
global_targets:4-2---title,"2030년까지 모든 여아와 남아가 초등교육을 받을 준비가 되도록 양질의 영유아 발달 교육, 보육 및 취학 전 교육에 대한 접근을 보장",كفالة أن تتاح لجميع الفتيات والفتيان، بحلول عام 2030، فرص الحصـول على نوعيـة جيـدة من النمـاء والرعـايـة في مرحلـة الطفولـة المبكرة والتعليم قبـل الابتـدائي حتى يكونوا جـاهزين للتعليم الابتدائي
global_targets:4-3---title,"2030년까지 모든 여성과 남성에게 적정비용의 양질의 기술교육, 직업교육 및 대학을 포함한 고등교육에 대한 평등한 접근을 보장",كفالة تكافؤ فرص جميع النساء والرجال في الحصول على التعليم التقني والمهني والتعليم العالي الجيّد  والميسـور التكلفة، بما في ذلك التعليم الجامعي، بحلول عام 2030
global_targets:4-4---title,"2030년까지 전문.직업기술 등 취업, 양질의 일자리, 창업활동을 위해 필요한 적합한 기술을 지닌 청소년과 성인의 수를 실질적으로 증가",تحقيق زيـادة كبيرة في عـدد الشـبـاب والكبـار الـذين تتوافر لـديهم المهـارات المنـاسـبـة، بمـا في ذلـك المهـارات التقنيـة والمهنيـة، للعمل وشـغل وظائف لائقة ولمباشـرة الأعمال الحرة، بحلول عام 2030
global_targets:4-5---title,"2030년까지 교육에서의 성차를 해소하고, 장애인, 토착민, 취약상황에 처한 아동을 포함한 취약계층이 모든 수준의 교육과 직업훈련에 평등하게 접근",القضاء على التفاوت بين الجنسين في التعليم، وكفالة تكافؤ فرص الوصول إلى جميع مســـتويات التعليم والتدريب المهني للفئات الضـعيفة، بما في ذلك لأشــــخاص ذوي الإعاقة، وأفراد الشـعوب الأصلية، والأطفال الذين يعيشـون في ظروف هشـة، بحلول عام 2030
global_targets:4-6---title,2030년까지 모든 청소년과 상당수 성인 남녀의 문해력과 수리력 성취를 보장,كفالة أن يلمّ جميع الشــباب ونســبة كبيرة من الكبار، رجالاً ونساء على حد سـواء، بالقراءة والكتابة والحسـاب، بحلول عام 2030
global_targets:4-7---title,"2030년까지 모든 학습자들이 지속가능발전 및 지속가능생할방식, 인권, 성평등, 평화와 비폭력문화증진, 세계시민의식, 문화다양성 및 지속가능발전을 위한 문화의 기여에 대한 교육을 통해, 지속가능발전을 증진하기 위해 필요한 지식 및 기술 습득을 보장",كفالة أن يكتسـب جميع المتعلّمين المعارف والمهارات اللازمة لدعم التنمية المســتدامة، بما في ذلك جملة أمور منها التعليم لتحقيق التنمية المسـتدامة، واتّباع أساليب العيش المسـتدامة، وحقوق الإنسان، والمساواة بين الجنسـين، والترويج لثقافة السـلام ونبذ العنف، والمواطنة العالمية، وتقدير التنوع الثقافي، وتقدير مساهمة الثقافة في التنمية المستدامة، بحلول عام 2030
global_targets:4-a---title,"아동, 장애인, 성차를 고려한 교육시설을 건립 및 개선하고, 모두를 위한 안전하고 비폭력적이며, 포용적이고 효과적인 학습환경을 제공",بنـاء مرافق تعليميـة تراعي الأطفـال، وذوي الإعـاقـة، والفروق بين الجنسـين، ورفع مســتوى المرافق التعليمية القائمة، وتهيئة بيئة تعليمية فعالة ومأمونة وخالية من العنف وشاملة للجميع
global_targets:4-b---title,"2020년까지 전 세계적으로 개도국, 특히 최빈국, 군소도서개발국, 아프리카 국가나 선진국이나 기타 개발도상국의 직업훈련, ICT, 과학기술 및 공학분야를 포함한 고등교육에 등록하도록 지원하는 장학금을 실질적으로 확대",التوســع بصــورة ملحوظة على الصــعيد العالمي في عدد المنح المدرســية المتاحة للبلدان النامية، ولا ســيما أقل البلدان نموا، والدول الجزرية الصغيرة النامية، والبلدان الأفريقية، للالتحاق بالتعليم العالي، بما في ذلك التدريب المهني وتكنولوجيا المعلومات والاتصالات، والبرامج التقنيـة والهنـدسـية  والعلميـة في البلـدان المتقـدمـة والبلـدان النامية الأخرى، بحلول عام 2030
global_targets:4-c---title,"2030년까지 개발도상국, 특히 최빈국 및 군소도서개발국에서 교사훈련을 위한 국제협력을 통해 양성된 교사를 포함하여 자격을 갖춘 교사 공급을 실질적으로 증대",تحقيق زيادة كبيرة في عدد المعلمين المؤهلين، بوسـائل منها التعاون الدولي لتدريب المعلمين في البلدان النامية، وبخاصة في أقل البلدان نموّاً والدول الجزرية الصغيرة النامية، بحلول عام 2030 
global_targets:5-1---title,모든 곳에서 모든 여성과 여아에 대한 모든 형태의 차별 종식,القضاء على جميع أشكال التمييز ضد جميع النساء والفتيات في كل مكان
global_targets:5-2---title,"인신매매, 성적 착취 및 기타 형태의 착취를 포함하여 공적 및 사적 영역에서 모든 여성과 여아에 대한 모든 형태의 폭력 근절",القضاء على جميع أشكال العنف ضد جميع النساء والفتيات في المجالين العام والخاص، بما في ذلك الاتجار بالبشـر والاسـتغلال الجنسي وغير ذلك من أنواع الاستغلال
global_targets:5-3---title,"아동 결혼, 조혼 및 강제결혼, 여성성기절제와 같은 모든 유해한 관습 근절",القضاء على جميع الممارسـات الضـارة، من قبيل زواج الأطفال، والزواج المبكر، والزواج القسـري، وتشـويه الأعضاء التناسلية للإناث
global_targets:5-4---title,"국가별 상황에 맞는 공공서비스, 사회기반시설 및 사회보호정책의 제공과 가구 및 가족 내 책임부담 촉진을 통해 무보수 가사노동과 돌봄노동을 인지하고 가치를 부여",الاعتراف بـأعمـال الرعـايـة والعمـل المنزلي غير المـدفوعـة الأجر وتقديرها، بتوفير الخدمات العامة والهياكل الأسـاسـية، ووضع ســياسات للحماية الاجتماعية، وتعزيز تقاسم المسـؤولية داخل الأسـرة المعيشـية والعائلة، حسـبما يكون ذلك مناسـبا على الصـعيد الوطني
global_targets:5-5---title,"정치, 경제, 공공부문에서 모든 단계의 의사결정과정에서 여성의 완전하고 효과적인 참여와 리더십에 대한 평등한 기회를 보장",كفالة المشــاركة الكاملة والفعالة للمرأة وفرصــها المتســاوية مع الرجل في شـغل المناصـب القيادية على جميع مسـتويات صـنع القرار في الحياة السياسية والاقتصادية والعامة
global_targets:5-6---title,"국제인구개발회의(ICPD) 행동계획과 북경 행동강령 및 이에 대한 검토회의 결과문서에 따라 모든 이가 성, 생식보건, 재생산권에 대한 보편적인 접근을 보장",كفالة حصـول الجميع على خدمات الصـحة الجنسـية والإنجــابيــة وعلى الحقوق الإنجــابيــة، على النحو المتفق عليــه وفقــا لبرنامج عمل المؤتمر الدولي للسـكان والتنمية ومنهاج عمل بيجين و الوثائق الختامية لمؤتمرات استعراضهما
global_targets:5-a---title,"경제적 자원, 소유권, 토지 및 기타 형태의 부동산, 상속, 천연자원, 금융서비스 등의 평등한 권리를 여성에게 보장하도록 개혁 실시",إجراء إصلاحـات لمنح المرأة حقوقـا متسـاويـة في الموارد الاقتصـــادية، وكذلك إمكانية حصـــولها على حق الملكية والســـيطرة على الأرض وغيرها من الممتلكات، وعلى الخدمات المالية، والميراث والموارد الطبيعية، وفقا للقوانين الوطنية
global_targets:5-b---title,여성의 권한 증대를 위해 유용한 기술사용 강화 (특히 ICT),تعزيز اسـتخدام التكنولوجيا التمكينية، وبخاصة تكنولوجيا المعلومات والاتصالات، من أجل تعزيز تمكين المرأة
global_targets:5-c---title,모든 수준에서 모든 여성과 여아의 권한강화와 성평등 촉진을 위해 명확한 정책과 집행가능한 법을 채택하고 강화,اعتماد سـياسـات سـليمة وتشـريعات قابلة للإنفاذ وتعزيز هذه الســياســات والتشــريعات للنهوض بالمســاواة بين الجنســين وتمكين كل النساء والفتيات على جميع المستويات
global_targets:6-1---title,2030년까지 안전한 식수에 대한 보편적 접근성 제공,تحقيق هدف حصـول الجميع على نحو منصف على مياه الشرب المأمونة والميسورة التكلفة بحلول عام 2030
global_targets:6-2---title,각별히 여성 및 소녀의 필요성을 고려하여 2030년까지 충분하고 공평한 위생시설 보장; 노상배변(open defecation) 근절,تحقيق هدف حصـول الجميع على خدمات الصـرف الصـحي والنظافة الصـحية، وإنهاء التغوط في العراء، وإيلاء اهتمام خاص لاحتياجات النسـاء والفتيات ومن يعيشـون في أوضـاع هشـة، بحلول عام 2030
global_targets:6-3---title,"2030년까지, 오염 감소, 유해 화학물질 투기 근절 및 배출 최소화를 통해 미처리된 하수 비율을 절반으로 줄이고 재활용 및 안전한 재사용을 전 세계적으로 대폭 확대",تحســـــين نوعية المياه بالحد من التلوث، ووقف إلقاء النفايات والمواد الكيميـائيـة الخطرة، وتقليـل تسرّبهـا إلى أدنى حـد، وخفض نسـبة مياه المجاري غير المعالجة إلى النصـف، وزيادة إعادة التدوير وإعادة الاسـتخدام المأمون بنسـبة كبيرة على الصـعيد العالمي، بحلول عام 2030
global_targets:6-4---title,2030년까지 전 부문에서의 물 사용 효율을 높이고 공급에 맞는 담수 회수(freshwater withdrawals) 및 공급으로 물 부족에 대응,تحقيق زيـادة كبيرة في كفـاءة اسـتخـدام المياه في جميع القطاعات، وكفالة سـحب المياه العذبة وإمداداتها على نحو مسـتدام من أجل معالجة شــح المياه، والحد بقدر كبير من عدد الأشـــخاص الذين يعانون من ندرة المياه، بحلول عام 2030
global_targets:6-5---title,2030년까지 국경 간 협력을 포함하여 통합된 물 자원 관리 이행,تنفيـذ الإدارة المتكـاملـة لموارد الميـاه على جميع المسـتويـات، بوسـائل منها التعاون العابر للحدود، حسـب الاقتضاء، بحلول عام 2030
global_targets:6-6---title,"2020년까지, 산, 산림, 습지, 강, 대수층 및 호수 등 물 관련 생태계를 보호 및 복원",حماية وترميم النظم الإيكولوجية المتصلة بالمياه، بما في ذلك الجبال والغابات والأراضـي الرطبة والأنهار ومسـتودعات المياه الجوفية والبحيرات، بحلول عام 2020
global_targets:6-a---title,물·위생 활동 및 프로그램과 관련하여 2030년까지 개발도상국가에 대한 국제협력 및 역량배양 지원을 확대,توسـيع نطـاق التعـاون الـدولي وتقـديم الـدعم في مجـال بنـاء القدرات إلى البلدان النامية في الأنشــطة والبرامج المتصلة بالمياه والصـرف الصـحي، بما في ذلك جمع المياه، وإزالة ملوحتها، وكفاءة استخدام المياه، ومعالجة المياه المستعملة، وتكنولوجيات إعادة التدوير وإعادة الاستخدام
global_targets:6-b---title,물·위생 관리 개선을 위해 지역사회 참여 지원 및 강화,دعم وتعزيز مشـــاركة المجتمعات المحلية في تحسـين إدارة المياه والصرف الصحي
global_targets:7-1---title,2030년까지 적절한 가격과 지속가능하며 현대화된 에너지 서비스의 보편적 접근 보장,كفالة حصـول الجميع بتكلفة ميسـورة على خدمات الطاقة الحديثة الموثوقة بحلول عام 2030
global_targets:7-2---title,2030년까지 재생가능에너지 비중을 상당하게 증가,تحقيق زيادة كبيرة في حصـة الطـاقـة المتجــددة في مزيج الطاقة العالمي
global_targets:7-3---title,2030년까지 에너지 효율성 향상 글로벌 비율을 두 배 증가,مضاعفة المعدل العالمي للتحسُّن في كفاءة اســتخدام الطاقة بحلول عام 2030
global_targets:7-a---title,2030년까지 청정에너지 연구개발 이행을 위해 국제협력 강화,تعزيز التعـاون الـدولي من أجـل تيســير الوصـول إلى بحوث وتكنولوجيــا الطــاقــة النظيفــة، بمــا في ذلــك تلــك المتعلّقــة بــالطــاقــة المتجــددة، والكفــاءة في اســتخــدام الطــاقــة، وتكنولوجيــا الوقود الأحفوري المتقدمة والأنظف، وتشـجيع الاســتثمار في الهياكل الأساسية للطاقة وتكنولوجيا الطاقة النظيفة، بحلول عام 2030
global_targets:7-b---title,2030년까지 개발도상국에 현대화된 지속 가능한 에너지서비스를 공급하기 위하여 에너지 기반 시설 확장 및 기술 업그레이드,وسيع نطاق الهياكل الأساسية وتحسين مستوى التكنولوجيا من أجـل تقـديم خـدمـات الطـاقـة الحـديثـة والمسـتـدامـة للجميع في البلدان النامية، وبخاصـة في أقل البلدان نمواً، والدول الجزرية الصغرة النامية،  والبلدان النامية غير السـاحلية، وفقاً لبرامج الدعم المقدم لكل منها، بحلول عام 2030
global_targets:8-1---title,국가별 상황에 맞게 1인당 경제성장을 유지하고 특히 최빈개도국은 최소한 연간 7% GDP 성장률 유지,الحفاظ على النمو الاقتصادي الفردي وفقاً للظروف الوطنية، وبخاصة الحفاظ على نمو الناتج المحلي الإجمالي بنسبة 7 في المائة على الأقل سنوياً في أقل البلدان نمواً
global_targets:8-10---title,"보험업, 금융업 및 금융지원서비스의 접근가능범위를 확대하기 위해 국가 내 금융 기관의 역량 강화",
global_targets:8-2---title,"노동집약적 산업부문 및 고부가가치 산업에 포커스를 두고 사업 다각화, 기술업그레이드 및 혁신으로 생산성 향상",تحقيق مســـتويات أعلى من الإنتاجية الاقتصادية من خلال التنويع، والارتقاء بمســتوى التكنولوجيا والابتكار، بطرق تشـمل التركيز على القطاعات المتســـمة بالقيمة المضـافة العالية والقطاعات الكثيفة العمالة
global_targets:8-3---title,"생산적 활동, 일자리 창출, 기업가 활동, 창의성 및 혁신을 지원하는 개발지향형 정책 촉진; 중소기업 육성",تعزيز السـياسات الموجهة نحو التنمية والتي تدعم الأنشـــطة الإنتاجية، وفرص العمل اللائق، ومباشـرة الأعمال الحرة، والقدرة على الإبداع والابتكار، وتشـجع على إضـفاء الطابع الرسمي على المشـاريع المتناهية الصـغر والصـغيرة والمتوسـطة الحجم، ونموها، بطرق منها الحصول على الخدمات المالية
global_targets:8-4---title,2030년까지 소비 및 생산에서의 국제적 자원 효율을 점진적으로 개선; 선진국의 주도하에 10년 주기 프로그램을 통하여 경제 성장으로 인한 환경훼손 억제,تحســين الكفــاءة في اســتخـدام الموارد العــالميــة في مجــال الاستهلاك والإنتاج، تدريجيا، حتى عام 2030، والسعي إلى فصل النمو الاقتصــادي عن التدهور البيئي، وفقا للإطار العشــري للبرامج المتعلق بالاسـتهلاك والإنتاج المسـتدامين، مع اضطلاع البلدان المتقدمة النمو بدور الريادة
global_targets:8-5---title,"2030년까지 장애가 있는 젊은 사람을 포함, 모든 남녀의 완전 고용을 달성; 동등한 가치의 업무에 대해 동등한 보수 보장",تحقيق العمـالـة الكـاملـة والمنتجـة وتوفير العمـل اللائق لجميع النسـاء والرجال، بمن فيهم الشـباب والأشـخاص ذوو الإعاقة، وتكافؤ الأجر لقاء العمل المتكافئ القيمة، بحلول عام 2030
global_targets:8-6---title,"2020년까지 고용, 교육 또는 훈련 상태에 있지 않은 청년 비율을 상당 수준으로 감소",الحد بقدر كبير من نســبة الشــباب غير الملتحقين بالعمالة أو التعليم أو التدريب، بحلول عام 2020
global_targets:8-7---title,"강제노동 근절, 현대식 노예 및 인신매매 종식, 소년병 동원 및 징집 등 최악의 아동 노동 형태 금지 및 근절. 2025년까지 모든 형태의 아동 노동 근절",اتخاذ تدابير فورية وفعالة للقضاء على السـخرة، وإنهاء الرق المعاصـر والاتجار بالبشــر، وضـمان حظر واسـتئصال أسـوأ أشـكال عمل الأطفال، بما في ذلك تجنيدهم واسـتخدامهم كجنود، وإنهاء عمل الأطفال بجميع أشكاله، بحلول عام 2025
global_targets:8-8---title,고용이 불안정한 노동자 및 이주노동자(특히 여성)의 노동권 보호 및 안전한 작업환경 촉진,حماية حقوق العمل وإيجاد بيئات عمل توفر السـلامة والأمن لجميع العمال، بمن فيهم العمال المهاجرون، وبخاصة المهاجرات، والعاملون في الوظائف غير المستقرة
global_targets:8-9---title,"2030년까지 일자리를 창출하고, 지역 문화와 제품들을 증진하는 지속 가능 관광 촉진을 위한 정책들의 설계 및 시행",وضع وتنفيذ سـياسـات تهدف إلى تعزيز السـياحة المســتدامة التي توفر فرص العمـل وتعزز الثقـافـة والمنتجـات المحلية، بحلول عام 2030
global_targets:8-a---title,"개발도상국, 특히 최빈개도국에 대한 무역원조의 증가 (최빈개도국을 위한 무역관계 기술지원을 위한 강화된 통합프레임하에서 이루어지는 원조를 포함)",زيـادة دعم المعونـة المقـدمـة من أجـل التجـارة للبلـدان النـاميـة، وبخاصة أقل البلدان نمواً، بوسـائل منها الإطار المتكامل المعزز للمساعدة التقنية المتصلة بالتجارة المقدمة إلى أقل البلدان نمواً
global_targets:8-b---title,2020년까지 청년실업에 대한 글로벌 전략 수립 및 운영; 국제노동기구의 ILO Global Jobs Pact 이행, وضع وتفعيل اسـتراتيجية عالمية لتشـغيل الشــباب وتنفيذ الميثـاق العـالمي لتوفير فرص للعمـل، الصادر عن منظمـة العمـل الدولية، بحلول عام 2020
global_targets:9-1---title,"경제발전 및 인간의 웰빙을 위한 고품질, 신뢰성 높은, 지속가능한 탄력적 기반시설 구축",إقامة هياكل أسـاسـية جيدة النوعية وموثوقة ومسـتدامة وقادرة على الصــمود، بما في ذلك هياكل أســاســية إقليمية وعابرة للحدود، لدعم التنمية الاقتصادية ورفاه الإنسان، مع التركيز على تيسير سُبُل استفادة الجميع منها بتكلفة ميسورة وعلى قدم المساواة
global_targets:9-2---title,포괄적이고 지속가능한 산업화 촉진; 2030년까지 산업부문의 고용률을 상당 수준으로 증가(최빈개도국의 경우 2배로 증가),تعزيز التصـنيع الشـامل للجميع والمسـتدام، وتحقيق زيادة كبيرة بحلول عام 2030 في حصة الصـناعة في العمالة وفي الناتج المحلي الإجمالي، بما يتماشى مع الظروف الوطنية، ومضاعفة حصـتها في أقل البلدان نمواً
global_targets:9-3---title,소규모 산업체의 가치사슬 및 시장으로의 통합 및 금융서비스 접근가능성 강화(특히 개발도상국),زيادة فرص حصول المشاريع الصناعية الصغيرة الحجم وسائر المشــاريع، ولا ســيما في البلدان النامية، على الخدمات المالية، بما في ذلك الائتمانات الميسـورة التكلفة، وإدماجها في سـلاسـل القيمة والأسواق
global_targets:9-4---title,자원사용 효율 제고와 청정/환경 친화 기술 및 산업공정의 도입을 통해 2030년까지 기반시설과 낙후된 산업시설을 지속가능한 환경으로 개선 및 개조하고 모든 국가들은 각자의 역량에 따라 이를 이행함,تحســين الهياكل الأسـاســية وتحديث الصـــناعات بحلول عام 2030  لجعلها مســتدامة، مع زيادة كفاءة اسـتخدام الموارد وزيادة اعتماد التكنولوجيات والعمليات الصـــناعية النظيفة والســـليمة بيئياً، ومع قيام جميع البلدان باتخاذ إجراءات وفقاً لقدرات كل منها
global_targets:9-5---title,"2030년까지, 인구 백만 명 당 연구 개발 종사자의 수와 공공/민간 연구 개발 지출 대폭 증가 및 혁신 장려 등을 통해, 모든 국가, 특히 개발도상국의 과학 연구 강화, 산업 부문의 기술 역량 향상",تعزيز البحــث العلمي، وتحسـين القـدرات التكنولوجيــة في القطاعات الصـناعية في جميع البلدان، ولا ســيما البلدان النامية، بما في ذلك، بحلول عام 2030، تشـجيع الابتكار وتحقيق زيادة كبيرة في عــدد العـاملين في مجـال البحـث والتطوير لكل مليون شـخص، وزيادة إنفاق القطاعين العام والخاص على البحـث والتطوير
global_targets:9-a---title,"아프리카 국가들, 최빈개도국들, 소규모 도서 개발도상국에 대한 강화된 금융, 기술, 전문적 지원을 통해, 개발도상국들에서 지속 가능하고, 회복탄력성을 갖춘 인프라 개발 촉진",تيسير إنشاء هياكل أساسية مستدامة وقادرة على الصمود في البلدان النامية، بتحسـين الدعم المالي والتكنولوجي والتقني المقدم للبلدان الأفريقية، وأقل البلدان نمواً، والبلدان النامية غير الساحلية، والدول الجزرية الصغيرة النامية
global_targets:9-b---title,"산업 다각화, 상품가치를 부가시키는 산업 환경 정책을 보장하여 개발도상국가의 국내 기술개발, 연구 및 혁신이 이루어지도록 지원",دعم أنشـطـة التطوير والبحـث والابتكـار في التكنولوجيـا المحلية في البلدان النامية، بوسـائل منها كفالة وجود بيئة مؤاتية من حيث السـياسـات للتنويع الصـناعي وإضـافة قيمة للسـلع الأسـاسـية بين أمور أخرى
global_targets:9-c---title,"ICT 접근성을 상당 수준으로 증가시키고, 2020년까지 최빈개도국의 보편적인 인터넷 접근성(access) 달성을 위해 노력",تحقيق زيادة كبيرة في فرص الحصول على تكنولوجيا المعلومات والاتصــالات، والســعي إلى توفير فرص الوصــول الشــامل والميسـور إلى شـبكة الإنترنـت في أقـل البلـدان نموا، بحلول عـام 2020
status:exploring_data_sources,작업중,استكشاف مصادر البيانات
status:not_applicable,Not applicable,لايمكن تطبيقه
status:overall_reporting_status,지표 작성 현황,وضع الاعلان العام
status:reported_online,이용가능,اعلن على الانترنت
status:reporting_status,지표 현황,وضع الاعلان
status:statistics_in_progress,Statistics in progress,الاحصائيات دائرة
status:status_by_goal,목표별 현황,الحالة حسب الهدف
post:posts_by_category,Posts by Category,المنشورات حسب الفئة
post:view_all_in_category,View all posts in the %category_name category,عرض كل المنشورات في فئة %category_name
metadata_fields:comments_limitations,비고,معلومات اخرى
metadata_fields:computation_calculations,산식,عمليات حسابية
metadata_fields:computation_definitions,정의,تعريفات
metadata_fields:computation_units,단위,وحدة قياس
metadata_fields:goal_meta_link,UN 메타데이터 링크,رابط الى البيانات الوصفية للامم المتحدة
metadata_fields:indicator,지표 번호,رقم المؤشر
metadata_fields:indicator_definition,지표 상세 설명,وصف المؤشر العالمي
metadata_fields:indicator_name,지표명,اسم المؤشر
metadata_fields:indicator_sort_order,지표 정렬 번호,ترتيب عرض المؤشر (داخل صفحة الهدف)
metadata_fields:national_data_update_url,데이터 갱신 이력,آخر تحديث للبيانات
metadata_fields:national_geographical_coverage,지역적 범위,تغطية جغرافية
metadata_fields:national_indicator_available,지표 가용성,مؤشر متاح
metadata_fields:national_indicator_description,지표 상세 설명,وصف المؤشر
metadata_fields:national_metadata_update_url,메타데이터 갱신 이력,آخر تحديث للبيانات الوصفية
metadata_fields:source_contact_1,연락처,تفاصيل الاتصال
metadata_fields:source_contact_2,연락처,تفاصيل الاتصال
metadata_fields:source_contact_3,연락처,تفاصيل الاتصال
metadata_fields:source_contact_4,연락처,تفاصيل الاتصال
metadata_fields:source_contact_5,연락처,تفاصيل الاتصال
metadata_fields:source_contact_6,연락처,تفاصيل الاتصال
metadata_fields:source_earliest_available_1,최초 공표,احدث البيانات المتوفرة
metadata_fields:source_earliest_available_2,최초 공표,احدث البيانات المتوفرة
metadata_fields:source_earliest_available_3,최초 공표,احدث البيانات المتوفرة
metadata_fields:source_earliest_available_4,최초 공표,احدث البيانات المتوفرة
metadata_fields:source_earliest_available_5,최초 공표,احدث البيانات المتوفرة
metadata_fields:source_earliest_available_6,최초 공표,احدث البيانات المتوفرة
metadata_fields:source_geographical_coverage_1,지역적 범위,التغطية الجغرافية
metadata_fields:source_geographical_coverage_2,지역적 범위,التغطية الجغرافية
metadata_fields:source_geographical_coverage_3,지역적 범위,التغطية الجغرافية
metadata_fields:source_geographical_coverage_4,지역적 범위,التغطية الجغرافية
metadata_fields:source_geographical_coverage_5,지역적 범위,التغطية الجغرافية
metadata_fields:source_geographical_coverage_6,지역적 범위,التغطية الجغرافية
metadata_fields:source_next_release_1,다음 공표일,الاصدار التالي
metadata_fields:source_next_release_2,다음 공표일,الاصدار التالي
metadata_fields:source_next_release_3,다음 공표일,الاصدار التالي
metadata_fields:source_next_release_4,다음 공표일,الاصدار التالي
metadata_fields:source_next_release_5,다음 공표일,الاصدار التالي
metadata_fields:source_next_release_6,다음 공표일,الاصدار التالي
metadata_fields:source_organisation_1,작성기관,منظمة
metadata_fields:source_organisation_2,작성기관,منظمة
metadata_fields:source_organisation_3,작성기관,منظمة
metadata_fields:source_organisation_4,작성기관,منظمة
metadata_fields:source_organisation_5,작성기관,منظمة
metadata_fields:source_organisation_6,작성기관,منظمة
metadata_fields:source_other_info_1,비고,معلومات اخرى
metadata_fields:source_other_info_2,비고,معلومات اخرى
metadata_fields:source_other_info_3,비고,معلومات اخرى
metadata_fields:source_other_info_4,비고,معلومات اخرى
metadata_fields:source_other_info_5,비고,معلومات اخرى
metadata_fields:source_other_info_6,비고,معلومات اخرى
metadata_fields:source_periodicity_1,작성주기,دورية
metadata_fields:source_periodicity_2,작성주기,دورية
metadata_fields:source_periodicity_3,작성주기,دورية
metadata_fields:source_periodicity_4,작성주기,دورية
metadata_fields:source_periodicity_5,작성주기,دورية
metadata_fields:source_periodicity_6,작성주기,دورية
metadata_fields:source_release_date_1,공표일,تاريخ الاصدار
metadata_fields:source_release_date_2,공표일,تاريخ الاصدار
metadata_fields:source_release_date_3,공표일,تاريخ الاصدار
metadata_fields:source_release_date_4,공표일,تاريخ الاصدار
metadata_fields:source_release_date_5,공표일,تاريخ الاصدار
metadata_fields:source_release_date_6,공표일,تاريخ الاصدار
metadata_fields:source_statistical_classification_1,통계분류,التصنيف الإحصائي
metadata_fields:source_statistical_classification_2,통계분류,التصنيف الإحصائي
metadata_fields:source_statistical_classification_3,통계분류,التصنيف الإحصائي
metadata_fields:source_statistical_classification_4,통계분류,التصنيف الإحصائي
metadata_fields:source_statistical_classification_5,통계분류,التصنيف الإحصائي
metadata_fields:source_statistical_classification_6,통계분류,التصنيف الإحصائي
metadata_fields:source_url_1,출처 링크,رابط الى مصدر البيانات
metadata_fields:source_url_2,출처 링크,رابط الى مصدر البيانات
metadata_fields:source_url_3,출처 링크,رابط الى مصدر البيانات
metadata_fields:source_url_4,출처 링크,رابط الى مصدر البيانات
metadata_fields:source_url_5,출처 링크,رابط الى مصدر البيانات
metadata_fields:source_url_6,출처 링크,رابط الى مصدر البيانات
metadata_fields:target,세부목표명,اسم الهدف
metadata_fields:target_id,세부목표 번호,رقم الهدف
metadata_fields:un_custodian_agency,소관 국제기구,وكالة الوصاية للأم المتحدة
metadata_fields:un_designated_tier,티어(Tier),الطبقة المعينة من الأمم المتحدة
menu:about,소개,عن
menu:contact_us,Contact us,اتصل بنا
menu:cookies,Cookies,ملفات تعريف الارتباط
menu:faq,FAQ,أسئلة شائعة
menu:guidance,매뉴얼,توجيه
menu:menu,메뉴,قائمة
menu:publications,참고자료,منشورات
menu:reporting_status,지표 작성 현황,حالة التقارير
frontpage:heading,[테스트 중입니다] 한국의 SDGs 지표,%name بيانات لمؤشرات اهداف التنمية المستدامة
frontpage:instructions,"지표별 상세 데이터를 확인하시려면, 아래 아이콘을 클릭하거나 %before_link 검색창 %after_link 을 이용하시기 바랍니다.",انقر على كل هدف %before_link او ابحث عن %after_link احصائيات %name الخاصة بالمؤشرات العالمية لأهداف التنمية المستدامة
