key,en,ru
metadata_fields:comments_limitations,비고,Другая информация
metadata_fields:computation_calculations,산식,Расчёты
metadata_fields:computation_definitions,정의,Определения
metadata_fields:computation_units,단위,Единица измерения
metadata_fields:goal_meta_link,UN 메타데이터 링크,Ссылка на метаданные ООН
metadata_fields:indicator,지표 번호,Номер показателя
metadata_fields:indicator_definition,지표 상세 설명,Описание глобального показателя
metadata_fields:indicator_name,지표명,Название показателя
metadata_fields:indicator_sort_order,지표 정렬 번호,Порядок отображения показателей (на странице целей)
metadata_fields:national_data_update_url,데이터 갱신 이력,Последний раз данные обновлялись
metadata_fields:national_geographical_coverage,지역적 범위,Географический охват
metadata_fields:national_indicator_available,지표 가용성,Показатель доступен
metadata_fields:national_indicator_description,지표 상세 설명,Описание показателя
metadata_fields:national_metadata_update_url,메타데이터 갱신 이력, Последний раз метаданные обновлялись
metadata_fields:source_contact_1,연락처,Контактные данные
metadata_fields:source_contact_2,연락처,Контактные данные
metadata_fields:source_contact_3,연락처,Контактные данные
metadata_fields:source_contact_4,연락처,Контактные данные
metadata_fields:source_contact_5,연락처,Контактные данные
metadata_fields:source_contact_6,연락처,Контактные данные
metadata_fields:source_earliest_available_1,최초 공표,Самые ранние доступные данные
metadata_fields:source_earliest_available_2,최초 공표,Самые ранние доступные данные
metadata_fields:source_earliest_available_3,최초 공표,Самые ранние доступные данные
metadata_fields:source_earliest_available_4,최초 공표,Самые ранние доступные данные
metadata_fields:source_earliest_available_5,최초 공표,Самые ранние доступные данные
metadata_fields:source_earliest_available_6,최초 공표,Самые ранние доступные данные
metadata_fields:source_geographical_coverage_1,지역적 범위,Географический охват
metadata_fields:source_geographical_coverage_2,지역적 범위,Географический охват
metadata_fields:source_geographical_coverage_3,지역적 범위,Географический охват
metadata_fields:source_geographical_coverage_4,지역적 범위,Географический охват
metadata_fields:source_geographical_coverage_5,지역적 범위,Географический охват
metadata_fields:source_geographical_coverage_6,지역적 범위,Географический охват
metadata_fields:source_next_release_1,다음 공표일,Следующий  выпуск
metadata_fields:source_next_release_2,다음 공표일,Следующий  выпуск
metadata_fields:source_next_release_3,다음 공표일,Следующий  выпуск
metadata_fields:source_next_release_4,다음 공표일,Следующий  выпуск
metadata_fields:source_next_release_5,다음 공표일,Следующий  выпуск
metadata_fields:source_next_release_6,다음 공표일,Следующий  выпуск
metadata_fields:source_organisation_1,작성기관,Организация
metadata_fields:source_organisation_2,작성기관,Организация
metadata_fields:source_organisation_3,작성기관,Организация
metadata_fields:source_organisation_4,작성기관,Организация
metadata_fields:source_organisation_5,작성기관,Организация
metadata_fields:source_organisation_6,작성기관,Организация
metadata_fields:source_other_info_1,비고,Другая информация
metadata_fields:source_other_info_2,비고,Другая информация
metadata_fields:source_other_info_3,비고,Другая информация
metadata_fields:source_other_info_4,비고,Другая информация
metadata_fields:source_other_info_5,비고,Другая информация
metadata_fields:source_other_info_6,비고,Другая информация
metadata_fields:source_periodicity_1,작성주기,Периодичность
metadata_fields:source_periodicity_2,작성주기,Периодичность
metadata_fields:source_periodicity_3,작성주기,Периодичность
metadata_fields:source_periodicity_4,작성주기,Периодичность
metadata_fields:source_periodicity_5,작성주기,Периодичность
metadata_fields:source_periodicity_6,작성주기,Периодичность
metadata_fields:source_release_date_1,공표일,Дата выпуска
metadata_fields:source_release_date_2,공표일,Дата выпуска
metadata_fields:source_release_date_3,공표일,Дата выпуска
metadata_fields:source_release_date_4,공표일,Дата выпуска
metadata_fields:source_release_date_5,공표일,Дата выпуска
metadata_fields:source_release_date_6,공표일,Дата выпуска
metadata_fields:source_statistical_classification_1,통계분류,Статистическая классификация
metadata_fields:source_statistical_classification_2,통계분류,Статистическая классификация
metadata_fields:source_statistical_classification_3,통계분류,Статистическая классификация
metadata_fields:source_statistical_classification_4,통계분류,Статистическая классификация
metadata_fields:source_statistical_classification_5,통계분류,Статистическая классификация
metadata_fields:source_statistical_classification_6,통계분류,Статистическая классификация
metadata_fields:source_url_1,출처 링크,Ссылка на источник данных
metadata_fields:source_url_2,출처 링크,Ссылка на источник данных
metadata_fields:source_url_3,출처 링크,Ссылка на источник данных
metadata_fields:source_url_4,출처 링크,Ссылка на источник данных
metadata_fields:source_url_5,출처 링크,Ссылка на источник данных
metadata_fields:source_url_6,출처 링크,Ссылка на источник данных
metadata_fields:target,세부목표명,Название задачи
metadata_fields:target_id,세부목표 번호,Номер задачи
metadata_fields:un_custodian_agency,소관 국제기구,Депозитарное учреждение ООН 
metadata_fields:un_designated_tier,티어(Tier),Назначенный ООН уровень
status:exploring_data_sources,작업중,В процессе разработки
status:not_applicable,Not applicable,Непригодный
status:overall_reporting_status,지표 작성 현황,Общее состояние отчётности
status:reported_online,이용가능,Опубликован
status:reporting_status,지표 현황,Статус отчётности
status:statistics_in_progress,Statistics in progress,Статистика в процессе выполнения
status:status_by_goal,목표별 현황,Статус по цели
general:facebook,Facebook,Facebook
general:goal,목표,Цель
general:goals,목표,Цели
general:home,Home,Главная
general:indicator,지표,Показатель
general:indicators,지표,Показатели
general:loading,검색 결과를 불러오고 있습니다.,Загрузка результатов поиска
general:opens_new_window,새 창에서 열기,открывается в новой вкладке
general:sdg,지속가능발전목표,Цели в области устойчивого развития
general:target,세부목표,Задача
general:targets,세부목표,Задачи
general:twitter,Twitter,Твиттеру
search:found_in,found in,найдено в
search:indicator_search,검색어를 입력해 주세요.,Поиск показателя
search:keywords,키워드,Ключевые слова
search:no_results,검색 결과가 없습니다.,Результатов не найдено
search:search,검색,Поиск
search:search_results_for,검색 결과,Результаты поиска по вашему запросу
menu:about,소개,О нас
menu:contact_us,Contact us,Свяжитесь с нами
menu:cookies,Cookies,Cookies
menu:faq,FAQ,Часто задаваемые вопросы
menu:guidance,매뉴얼,Руководство
menu:menu,메뉴,Меню
menu:publications,참고자료,Публикации
menu:reporting_status,지표 작성 현황,Состояние отчётности
post:posts_by_category,Posts by Category,Посты по категории
post:view_all_in_category,View all posts in the %category_name category,Просмотреть все посты в категории
global_targets:1-1---title,2030년까지 1일 생계비 1.25 달러 미만으로 살고 있는 모든 인구를 모든 곳에서 종식,"К 2030 году ликвидировать крайнюю нищету
для всех людей во всем мире (в настоящее время
крайняя нищета определяется как проживание на
сумму менее чем 1,25 долл. США в день)
"
global_targets:1-2---title,"각 국가 빈곤정의에 따라 2030년까지 모든 측면에서 빈곤 속에 사는 모든 연령층의 남성, 여성, 그리고 아동 비율을 최소 절반으로 감소","К 2030 году сократить долю мужчин, женщин
и детей всех возрастов, живущих  нищете во всех
ее проявлениях, согласно национальным определениям,
по крайней мере наполовину"
global_targets:1-3---title,"사회안전망을 포함하여 모두를 위해 국가별로 적합한 사회적 보호체제 및 조치를 이행하고, 2030년까지 빈곤층과 취약계층에 대한 실질적 보장을 달성","Внедрить на национальном уровне надлежащие
системы и меры социальной защиты для всех,
включая установление минимальных уровней, и к
2030 году достичь существенного охвата бедных и
уязвимых слоев населения"
global_targets:1-4---title,"2030년까지 모든 남성과 여성, 특히 빈곤층과 취약계층이 경제적 자원과  기본 서비스, 토지와 기타 형태의 재산에 대한 소유와 통제, 상속, 천연자원, 적정 신기술 및 소액금융을 포함한 금융서비스에 공평하게 접근할 수 있는 권리 보장","К 2030 году обеспечить, чтобы все мужчины и
женщины, особенно малоимущие и уязвимые, имели
равные права на экономические ресурсы, а также
доступ к базовым услугам, владению и распоряжению
землей и другими формами собственности,
наследуемому имуществу, природным ресурсам, соответствующим
новым технологиям и финансовым
услугам, включая микрофинансирование"
global_targets:1-5---title,"2030년까지 빈곤층과 취약계층의 회복력을 키우고,  기후 관련 극한 상황 혹은 기타 경제적, 사회적, 환경적인 충격과 재난에 대한 노출 및 취약성을 감소","К 2030 году повысить жизнестойкость малоимущих
и лиц, находящихся в уязвимом положении,
и уменьшить их незащищенность и уязвимость перед
вызванными изменением климата экстремальными
явлениями и другими экономическими, социальными
и экологическими потрясениями и бедствиями"
global_targets:1-a---title,"개도국 특히, 최빈국이 모든 차원의 빈곤 퇴치 프로그램과 정책 제공을 위해  증강된 개발협력 을 포함하여 다양한 재원 동원 보장","Обеспечить мобилизацию значительных ресурсов
из самых разных источников, в том числе на
основе активизации сотрудничества в целях развития,
с тем чтобы предоставить развивающимся странам,
особенно наименее развитым странам, достаточные
и предсказуемые средства для осуществления
программ и стратегий по ликвидации нищеты во
всех ее формах
"
global_targets:1-b---title,"빈곤퇴치 활동에 대한 투자를 촉진하기 위해 빈곤층 친화적이고 성 인지적 재발전략을 기초로 한 국가, 지역, 글로벌 차원의 탄탄한 정책 프레임워크 수립","Создать на национальном, региональном и
международном уровнях надежные стратегические
механизмы, в основе которых лежали бы стратегии
развития, учитывающие интересы бедноты и гендерные
аспекты, для содействия ускоренному инвестированию
в мероприятия по ликвидации нищеты"
global_targets:10-1---title,2030년까지 소득하위 40%의 소득성장률을 점진적으로 국가평균보다 높게 달성 및 유지,"К 2030 году постепенно достичь и поддерживать
рост доходов наименее обеспеченных 40 процентов
населения на уровне, превышающем средний
по стране"
global_targets:10-2---title,"2030년까지 연령, 성, 장애, 인종, 종교, 기타 사회경제적 지위를 막론하고 사회, 경제, 정치적 참여 권한 확대 및 촉진"," К 2030 году поддержать законодательным путем
и поощрять активное участие всех людей в социальной,
экономической и политической жизни
независимо от их возраста, пола, инвалидности,
расы, этнической принадлежности, происхождения,
религии и экономического или иного статуса"
global_targets:10-3---title,"차별적인 법, 정책 및 관행 등을 철폐하여 동등한 기회를 보장하고 소득 불평등 감소","Обеспечить равенство возможностей и уменьшить
неравенство результатов, в том числе путем
отмены дискриминационных законов, политики и
практики и содействия принятию соответствующего
законодательства, политики и мер в этом направлении"
global_targets:10-4---title,"재정정책, 임금정책, 사회보장정책 등을 채택하고 점진적으로 더 나은 평등을 달성","Принять соответствующую политику, особенно
бюджетно-налоговую политику и политику в
вопросах заработной платы и социальной защиты, и
постепенно добиваться обеспечения большего равенства"
global_targets:10-5---title,글로벌 금융시장 및 기관의 규제 및 모니터링 개선 및 이행조치 강화,"Совершенствовать методы регулирования и
мониторинга глобальных финансовых рынков и
учреждений и более последовательно применять такие
методы"
global_targets:10-6---title,글로벌 국제경제 및 금융기관의 의사결정과정에서 개발도상국가의 입장이 반영되도록 강화,"Обеспечить большую представленность и большее
право голоса развивающихся стран в процессах
принятия решений в глобальных международных экономических
и финансовых учреждениях, с тем чтобы
сделать эти учреждения более эффективными, авторитетными,
подотчетными и легитимными"
global_targets:10-7---title,"안전하고, 정기적이고, 책임 있는 인구의 이주 및 이동이 가능토록하고 잘 관리된 이민정책 수립 및 이행","Содействовать упорядоченной, безопасной, законной
и ответственной миграции и мобильности
людей, в том числе с помощью проведения спланированной
и хорошо продуманной миграционной политики"
global_targets:10-a---title,"WTO협약에 따른 개발도상국(특히, 최빈개도국) 특별대우 규정 이행","Проводить в жизнь принцип особого и дифференцированного
режима для развивающихся стран,
особенно наименее развитых стран, в соответствии
с соглашениями Всемирной торговой организации"
global_targets:10-b---title,"도움이 필요한 국가에(최빈개도국, 아프리카 국가, 군서도서개발국) ODA, 재원 지원, 직접투자 권장","Поощрять выделение официальной помощи в
целях развития и финансовые потоки, в том числе
прямые иностранные инвестиции, в наиболее нуждающиеся
государства, особенно в наименее развитые
страны, африканские страны, малые островные
развивающиеся государства и развивающиеся
страны, не имеющие выхода к морю, в соответствии
с их национальными планами и программами"
global_targets:10-c---title,2030년까지 이민자송금 수수료 3% 이하로 감소 및 5%를 초과하는 송금 장벽 제거,"К 2030 году сократить операционные затраты,
связанные с переводом мигрантами денежных
средств, до менее 3 процентов от суммы перевода и
ликвидировать каналы денежных переводов, у которых
эти затраты превышают 5 процентов"
global_targets:11-1---title,2030년까지 모두에게 충분하고 안전 및 저렴한 주택 및 기본서비스 제공 그리고 빈민가 개선,"К 2030 году обеспечить всеобщий доступ к достаточному,
безопасному и недорогому жилью и основным
услугам и благоустроить трущобы
"
global_targets:11-2---title,"2030년까지 모두에게(특히, 취약계층, 여성, 아동, 노인, 장애인) 안전 및 저렴하고 지속가능한 공공 교통시스템 제공","К 2030 году обеспечить, чтобы все могли
пользоваться безопасными, недорогими, доступными
и экологически устойчивыми транспортными
системами, на основе повышения безопасности дорожного
движения, в частности расширения использования
общественного транспорта, уделяя особое
внимание нуждам тех, кто находится в уязвимом положении,
женщин, детей, инвалидов и пожилых лиц"
global_targets:11-3---title,"2030년까지 포괄적이고 지속가능한 도시화와, 참여, 통합 및 지속가능한 거주지 계획 및 관리 역량 강화","К 2030 году расширить масштабы открытой
для всех и экологически устойчивой урбанизации и
возможности для комплексного и устойчивого планирования
населенных пунктов и управления ими на
основе широкого участия во всех странах"
global_targets:11-4---title,세계문화 및 자연유산 보호 노력 강화,"Активизировать усилия по защите и сохранению
всемирного культурного и природного наследия"
global_targets:11-5---title,"2030년까지, 빈곤층과 취약계층 보호에 초점을 맞추어, 수해 등 재난으로 인한 사망자 및 피해자수를 대폭 줄이고 세계 총 GDP대비 직접적인 경제적 손실을 대폭 감소","К 2030 году существенно сократить число погибших
и пострадавших и значительно уменьшить
прямой экономический ущерб в виде потерь мирового
валового внутреннего продукта в результате
бедствий, в том числе связанных с водой, уделяя
особое внимание защите малоимущих и уязвимых
групп населения"
global_targets:11-6---title,"대기의 질과 지자체 등의 폐기물 특별 관리를 포함하여, 2030년까지 도시화로 인한 부정적인 환경영향(인구 1인당)을 감소","К 2030 году уменьшить негативное экологическое
воздействие городов в пересчете на душу населения,
в том числе посредством уделения особого
внимания качеству воздуха и удалению городских и
других отходов"
global_targets:11-7---title,"2030년까지 포괄적이고 안전하며 보편적으로 접근 가능한 녹색 및 공공장소 제공 (특히, 여성, 아동, 노인, 장애인)","К 2030 году обеспечить всеобщий доступ к
безопасным, доступным и открытым для всех зеленым
зонам и общественным местам, особенно для
женщин и детей, пожилых людей и инвалидов"
global_targets:11-a---title,"국가 및 지역개발계획을 강화하여 도시, 근교도시 그리고 농촌간의 긍정적인 경제, 사회 및 환경적 연결고리를 지원","Поддерживать позитивные экономические, социальные
и экологические связи между городскими,
пригородными и сельскими районами на основе повышения
качества планирования национального и
регионального развития"
global_targets:11-b---title,"2020년까지 포용, 자원 효율, 기후 변화에 대한 완화와 적응, 재난에 대한 회복력을 위한 통합 정책 및 계획을 채택, 시행하는 도시와 거주지의 수를 대폭 확대하고, 2015-2030년 재난위험감소를 위한 센다이 프레임워크에 맞추어 모든 수준에서의 통합적인 재난위기관리를 구축하고 시행함","К 2020 году значительно увеличить число городов
и населенных пунктов, принявших и осуществляющих
комплексные стратегии и планы,
направленные на устранение социальных барьеров,
повышение эффективности использования ресурсов,
смягчение последствий изменения климата, адаптацию
к его изменению и способность противостоять
стихийным бедствиям, и разработать и внедрить в
соответствии с Сендайской рамочной программой
по снижению риска бедствий на 2015–2030 годы
меры по комплексному управлению связанными с
бедствиями рисками на всех уровнях"
global_targets:11-c---title,최빈개도국이 지역 건설자재를 사용하여 지속가능하고 탄력적인 건물을 만들 수 있도록 재원 및 기술적 지원을 비롯한 다양한 지원,"Оказывать наименее развитым странам содействие,
в том числе посредством финансовой и технической
помощи, в строительстве экологически устойчивых и прочных зданий с использованием
местных материалов"
global_targets:12-1---title,"선진국 주도하에, 개발도상국들의 역량과 발전을 고려하여, 지속가능한 소비 및 생산에 대한 10년 주기 프로그램 이행","Осуществлять Десятилетнюю стратегию действий
по переходу к использованию рациональных
моделей потребления и производства с участием
всех стран, причем первыми к ней должны приступить
развитые страны, и с учетом развития и потенциала
развивающихся стран
"
global_targets:12-2---title,2030년까지 천연자원의 효율적인 사용 및 지속가능한 관리 달성,"К 2030 году добиться рационального освоения
и эффективного использования природных ресурсов"
global_targets:12-3---title,2030년까지 소매 및 소비자 수준에서 1인당 식품폐기물을 1/2로 감소하고 식품 생산 및 유통과정에서 발생하는 식품 손실량 감소,"К 2030 году сократить вдвое в пересчете на
душу населения общемировое количество пищевых
отходов на розничном и потребительском уровнях и
уменьшить потери продовольствия в производственно-сбытовых
цепочках, в том числе послеуборочные
потери"
global_targets:12-4---title,"2020년까지, 합의된 국제 프레임워크에 따라 화학물질 및 모든 폐기물에 대해 수명 주기 동안 친환경적인 관리를 달성하고, 이들이 인체 건강 및 환경에 끼치는 부정적 영향을 최소화하기 위해, 공기, 물, 토양으로의 배출을 크게 감소","К 2020 году добиться экологически рационального
использования химических веществ и всех
отходов на протяжении всего их жизненного цикла в
соответствии с согласованными международными
принципами и существенно сократить их попадание
в воздух, воду и почву, чтобы свести к минимуму их
негативное воздействие на здоровье людей и окружающую
среду"
global_targets:12-5---title,"2030년까지 방지, 감축, 재생 및 재사용을 통하여 폐기물 발생 감소","К 2030 году существенно уменьшить объем
отходов путем принятия мер по предотвращению их
образования, их сокращению, переработке и повторному
использованию"
global_targets:12-6---title,"기업들이(특히, 대기업 및 다국적기업) 보고체계에 지속가능성 관련 정보를 반영토록하고 지속가능한 기업 활동을 이행하도록 권고","Рекомендовать компаниям, особенно крупным
и транснациональным компаниям, применять устойчивые
методы производства и отражать информацию
о рациональном использовании ресурсов в
своих отчетах"
global_targets:12-7---title,국가정책 및 우선순위에 따라 지속가능한 공공조달 관행 촉진,"Содействовать обеспечению экологичной
практики государственных закупок в соответствии с
национальными стратегиями и приоритетами"
global_targets:12-8---title,2030년까지 모든 곳에서의 사람들이 지속가능발전과 자연과 조화로운 라이프스타일에 대한 의식 및 정보를 가질 수 있게 보장,"К 2030 году обеспечить, чтобы люди во всем
мире располагали соответствующей информацией и
сведениями об устойчивом развитии и образе жизни
в гармонии с природой"
global_targets:12-a---title,개발도상국이 지속가능한 소비 및 생산 방향으로 전환할 수 있게 과학기술 역량 강화 지원,"Оказывать развивающимся странам помощь в
наращивании их научно-технического потенциала
для перехода к более рациональным моделям потребления
и производства"
global_targets:12-b---title,일자리 창출 및 지역 문화 및 상품을 홍보하는 관광업의 지속가능발전 영향을 모니터링 하는 도구 개발 및 이행,"Разрабатывать и внедрять инструменты мониторинга
влияния, оказываемого на устойчивое развитие
устойчивым туризмом, который способствует
созданию рабочих мест, развитию местной культуры
и производству местной продукции"
global_targets:12-c---title,"조세구조 조정 및 유해 보조금의 단계적 폐지를 통한 시장왜곡 요인 제거를 포함하여 에너지낭비를 부추기는 비효율적인 화석 연료 보조금의 합리화 이행 (이때, 개발도상국의 특수한 상황과 수요를 충분히 고려하고 취약계층을 보호를 통해 개도국의 발전에 대한 악영향을 최소화함)","Рационализировать отличающееся неэффективностью
субсидирование использования ископаемого
топлива, ведущее к его расточительному потреблению,
посредством устранения рыночных диспропорций
с учетом национальных условий, в том
числе путем реорганизации налогообложения и постепенного
отказа от вредных субсидий там, где они
существуют, для учета их экологических последствий,
в полной мере принимая во внимание особые
потребности и условия развивающихся стран и
сводя к минимуму возможные негативные последствия
для их развития таким образом, чтобы защитить
интересы нуждающихся и уязвимых групп
населения"
global_targets:13-1---title,기후관련 위험요소와 자연재해에 대한 적응역량 및 탄력성 강화,"Повысить сопротивляемость и способность
адаптироваться к опасным климатическим явлениям
и стихийным бедствиям во всех странах"
global_targets:13-2---title,"국가정책, 전략 및 계획에 기후변화 조치 통합","Включить меры реагирования на изменение
климата в политику, стратегии и планирование на
национальном уровне"
global_targets:13-3---title,"기후 변화 완화, 적응, 영향 감소, 조기 경보에 대한 교육, 인식 고취, 인구 및 제도 역량 개선","Улучшить просвещение, распространение информации
и возможности людей и учреждений по
смягчению остроты и ослаблению последствий изменения
климата, адаптации к ним и раннему предупреждению"
global_targets:13-a---title,개발도상 국가들의 기후변화 완화 활동의 이행 및 녹색기후펀드의 완전한 운영을 위해 유엔기후변화협약 상의 선진국들의 공약인 연간 $1000억 동원 즉각 이행,"Выполнить взятое на себя развитыми странами,
являющимися участниками Рамочной конвенции
Организации Объединенных Наций об изменении
климата, обязательство достичь цели ежегодной
мобилизации к 2020 году общими усилиями 100
млрд. долл. США из всех источников для удовлетворения
потребностей развивающихся стран в контексте
принятия конструктивных мер по смягчению
остроты последствий изменения климата и обеспечения
прозрачности их осуществления, а также
обеспечить полномасштабное функционирование
Зеленого климатического фонда путем его капитализации
в кратчайшие возможные сроки"
global_targets:13-b---title,"최빈개도국의 효과적인 기후변화 관련 계획 및 관리 역량 제고 메카니즘 촉진(취약계층, 여성, 청소년 및 소외집단 포함)","Содействовать созданию механизмов по
укреплению возможностей планирования и управления,
связанных с изменением климата, в наименее
развитых странах и малых островных развивающихся
государствах, уделяя при этом повышенное
внимание женщинам, молодежи, а также местным и
маргинализированным общинам"
global_targets:14-1---title,"2025년까지 해양 폐기물과 영양분 오염을 포함하여, 모든 형태의 해양 오염 방지 및 감소","К 2025 году обеспечить предотвращение и существенное
сокращение любого загрязнения морской
среды, в особенности вследствие деятельности
на суше, включая загрязнение морским мусором и
питательными веществами"
global_targets:14-2---title,2020년까지 회복력 및 복원활동을 강화하여 해양 및 연안 생태계를 지속 가능하게 관리하고 보호  조치 실행,"К 2020 году обеспечить рациональное использование
и защиту морских и прибрежных экосистем
с целью предотвратить значительное отрицательное
воздействие, в том числе путем повышения стойкости
этих экосистем, и принять меры по их восстановлению
для обеспечения хорошего экологического
состояния и продуктивности океанов"
global_targets:14-3---title,모든 수준에서의 과학협력을 포함하여 해양 산성화 최소화 및 그 영향에 대응,"Минимизировать и ликвидировать последствия
закисления океана, в том числе благодаря развитию
научного сотрудничества на всех уровнях"
global_targets:14-4---title,"2020년까지 효과적인 어업 규제, 불법·비보고·비규제 어업, 남획, 파괴적인 어업 방법 금지; 최단시간에 어획량을 복원하기 위한 과학적 관리계획 이행","К 2020 году обеспечить эффективное регулирование
добычи и положить конец перелову, незаконному,
несообщаемому и нерегулируемому рыбному
промыслу и губительной рыбопромысловой
практике, а также выполнить научно обоснованные
планы хозяйственной деятельности, для того чтобы
восстановить рыбные запасы в кратчайшие возможные
сроки, доведя их по крайней мере до таких
уровней, которые способны обеспечивать максимальный
экологически рациональный улов с учетом
биологических характеристик этих запасов
"
global_targets:14-5---title,2020년까지 가용한 과학적 정보 및 국가법·국제법과 일관되게 최소 연안 및 해양지역의 10% 보호,"К 2020 году охватить природоохранными мерами
по крайней мере 10 процентов прибрежных и
морских районов в соответствии с национальным
законодательством и международным правом и на
основе наилучшей имеющейся научной информации"
global_targets:14-6---title,"WTO 어업보조금 협상에 개발도상국 및 최빈개도국에 대한 효과적인 특별대우가 중요함을 인정하고 2020년까지 생산과잉 및 남획, 불법·비보고·비규제 어업에 기여하는 특정형태의 어업 보조금 금지 그리고 이와 유사한 신규 보조금 도입 자제","К 2020 году запретить некоторые формы субсидий
для рыбного промысла, содействующие созданию
чрезмерных мощностей и перелову, отменить
субсидии, содействующие незаконному, несообщаемому
и нерегулируемому рыбному промыслу,
и воздерживаться от введения новых таких субсидий,
признавая, что надлежащее и эффективное применение
особого и дифференцированного режима в
отношении развивающихся и наименее развитых
стран должно быть неотъемлемой частью переговоров по вопросу о субсидировании рыбного промысла,
которые ведутся в рамках Всемирной торговой
организации
"
global_targets:14-7---title,2030년까지 해양자원의 지속가능한 사용 및 관리를 통하여 최빈개도국 및 군서도서 개발국의 경제적 이익 증가,"К 2030 году повысить экономические выгоды,
получаемые малыми островными развивающимися
государствами и наименее развитыми странами от
экологически рационального использования морских
ресурсов, в том числе благодаря экологически
рациональной организации рыбного хозяйства, аквакультуры
и туризма"
global_targets:14-a---title,"해양건강 개선 및 해양 다양성 강화를 통해 개발도상국가, 특히 군소도서 개발국과 최빈개도국들의 개발에 기여하도록 연구역량 증대 및 과학지식, 선진해양기술 이전(정부간해양학위원회의 해양기술이전에 대한 기준과 지침을 고려)","Увеличить объем научных знаний, расширить
научные исследования и обеспечить передачу морских
технологий, принимая во внимание Критерии и
руководящие принципы в отношении передачи морских
технологий, разработанные Межправительственной
океанографической комиссией, с тем
чтобы улучшить экологическое состояние океанской
среды и повысить вклад морского биоразнообразия
в развитие развивающихся стран, особенно малых
островных развивающихся государств и наименее
развитых стран"
global_targets:14-b---title,소규모 영세어업자들에 해양자원 및 시장 접근성 제공,"Обеспечить доступ мелких хозяйств, занимающихся
кустарным рыбным промыслом, к морским
ресурсам и рынкам
"
global_targets:14-c---title,우리가 원하는 미래 (The Future We Want) 보고서의 158번째 단락에서 상기된 대양 및 대양자원의 보전 및 지속가능한 이용을 위한 법적기반을 제시하는 UNCLOS에 반영된 국제법 이행을 통해 대양 및 대양 자원의 보전 및 지속가능한 이용을 개선,"Улучшить работу по сохранению и рациональному
использованию океанов и их ресурсов путем
соблюдения норм международного права, закрепленных
в Конвенции Организации Объединенных
Наций по морскому праву, которая, как отмечено в
пункте 158 документа «Будущее, которого мы хотим»,
закладывает юридическую базу для сохранения
и рационального использования Мирового океана
и его ресурсов
"
global_targets:15-1---title,"2020년까지, 국제 협약 의무에 따라, 특히 산림, 습지, 산, 건조지 등의 육지 및 내륙 담수 생태계와 그 서비스에 대한 보전, 복원 및 지속가능한 사용을 보장","К 2020 году обеспечить сохранение, восстановление
и рациональное использование наземных и
внутренних пресноводных экосистем и их услуг, в том числе лесов, водно-болотных угодий, гор и засушливых
земель, в соответствии с обязательствами,
вытекающими из международных соглашений"
global_targets:15-2---title,"2020년까지 모든 형태의 산림에 대한 지속가능한 관리를 촉진시키고, 산림벌채를 중단하고, 황폐화된 산림을 복원하고 전 세계적으로 조림과 재식림을 대폭 확대","К 2020 году содействовать внедрению методов
рационального использования всех типов лесов,
остановить обезлесение, восстановить деградировавшие
леса и значительно расширить масштабы лесонасаждения
и лесовосстановления во всем мире"
global_targets:15-3---title,"2030년까지 사막화 퇴치와 사막화, 가뭄, 홍수로 영향을 받은 토지를 포함하여, 황폐화된 토지 및 토양 복원, 그리고 토지 황폐화 가 없는 세계 달성을 위해 노력","К 2030 году вести борьбу с опустыниванием,
восстановить деградировавшие земли и почвы,
включая земли, затронутые опустыниванием, засухами
и наводнениями, и стремиться к тому, чтобы во
всем мире не ухудшалось состояние земель"
global_targets:15-4---title,"2030년까지 지속가능발전에 필수적인 이익을 주는 산림생태계의 수용력을 증진하기 위해, 생물다양성을 포함한 산림 생태계 보존을 보장","К 2030 году обеспечить сохранение горных
экосистем, в том числе их биоразнообразия, для того
чтобы повысить их способность давать блага, необходимые
для устойчивого развития"
global_targets:15-5---title,자연 서식지의 황폐화를 감소시키고 생물다양성의 손실을 중단시키기 위해 시급하고 대대적인 조치를 취하고 2020년까지 멸종위기 종을 보호하고  멸종을 예방,"Незамедлительно принять значимые меры по
сдерживанию деградации природных сред обитания,
остановить утрату биологического разнообразия и к
2020 году обеспечить сохранение и предотвращение
исчезновения видов, находящихся под угрозой вымирания"
global_targets:15-6---title,"국제적으로 합의된 바와 같이, 유전자원의 활용으로부터 발생하는 이익의 공정하고 공평한 분배 보장 및 유전자원에 대한 적절한 접근 증대","Содействовать справедливому распределению
благ от использования генетических ресурсов и способствовать
обеспечению надлежащего доступа к
таким ресурсам на согласованных на международном
уровне условиях"
global_targets:15-7---title,"보호동식물의 밀렵과 밀매 근절을 위한 즉각적인 행동을 촉구하고, 불법야생동식물제품의 수요와 공급에 대응","Незамедлительно принять меры для того,
чтобы положить конец браконьерству и контрабандной
торговле охраняемыми видами флоры и фауны и
решить проблемы, касающиеся как спроса на незаконные
продукты живой природы, так и их предложения"
global_targets:15-8---title,"2020년까지 육상 및 수중 생태계를 교란하는 외래종의 유입을 방지하고, 그로 인한 영향을 현저히 감소시키는 방안을 도입하며, 우선대응 및 대상종을 통제 및 박멸","К 2020 году принять меры по предотвращению
проникновения чужеродных инвазивных видов и по
значительному уменьшению их воздействия на
наземные и водные экосистемы, а также принять
меры по предотвращению ограничения численности
или уничтожения приоритетных видов"
global_targets:15-9---title,2020년까지 생태계 및 생물다양성 가치를 국가 및 지역 계획․개발 과정 그리고 빈곤퇴치 전략 및 회계에 반영,"К 2020 году обеспечить учет ценности экосистем
и биологического разнообразия в ходе общенационального
и местного планирования и процессов
развития, а также при разработке стратегий и планов
сокращения масштабов бедности
"
global_targets:15-a---title,생물다양성 및 생태계 보호 및 지속가능한 사용을 위한 재원 동원,"Мобилизовать и значительно увеличить финансовые
ресурсы из всех источников в целях сохранения
и рационального использования биологического
разнообразия и экосистем"
global_targets:15-b---title,지속가능한 삼림관리에 대한 재원 마련을 위해 모든 수준에서 주요한 자원을 모두 동원하고 개발도사국이 보존 및 재식림 등을 위한 삼림 관리를 즈진할 수 있도록 충분한 인센티브를 제공,"Мобилизовать значительные ресурсы из всех
источников и на всех уровнях для финансирования
рационального лесопользования и дать развивающимся
странам адекватные стимулы для применения
таких методов управления, в том числе в целях
сохранения и восстановления лесов"
global_targets:15-c---title,지속가능한 생계수단의 추구를 위한 지역사회의 역량 제고를 포함하여 멸종위기종의 밀렵 및 밀매 활동 근절을 위한 글로벌 차원의 노력 강화,"Активизировать глобальные усилия по борьбе
с браконьерством и контрабандной торговлей охраняемыми
видами, в том числе путем расширения
имеющихся у местного населения возможностей получать
средства к существованию экологически безопасным
образом"
global_targets:16-1---title,모든 지역에서 일어나는 모든 형태의 폭력과 관련 사망률을 상당 수준으로 감소,Значительно сократить распространенность всех форм насилия и уменьшить показатели смертности от этого явления во всем мире
global_targets:16-10---title,국내법 및 국제조약에 따라 정보에 대한 대중의 접근성을 보장하고 기본적인 자유를  보호,"Обеспечить доступ общественности к информации
и защитить основные свободы в соответствии
с национальным законодательством и международными
соглашениями"
global_targets:16-2---title,"아동에 대한 학대, 착취, 인신매매 및 모든 형태의 폭력과 고문 종식","Положить конец надругательствам, эксплуатации,
торговле и всем формам насилия и пыток в отношении
детей"
global_targets:16-3---title,"국가적 및 국제적 수준에서 법치를 증진하며, 모두에게 평등한 사법 접근권을 보장","Содействовать верховенству права на национальном
и международном уровнях и обеспечить
всем равный доступ к правосудию"
global_targets:16-4---title,"2030년까지 불법 자금 및 무기 거래를 상당 수준으로 감소, 은닉재산 회수 및 환수를 강화하며, 모든 형태의 조직화된 범죄를 방지","К 2030 году значительно уменьшить незаконные
финансовые потоки и потоки оружия, активизировать
деятельность по обнаружению и возвращению
похищенных активов и вести борьбу со всеми
формами организованной преступности
"
global_targets:16-5---title,모든 형태의 부정부패 및 뇌물을 대폭 감소,"Значительно сократить масштабы коррупции и
взяточничества во всех их формах"
global_targets:16-6---title,"모든 수준에서 효과적이고, 책임 있고, 투명한 제도 개발","Создать эффективные, подотчетные и прозрачные
учреждения на всех уровнях"
global_targets:16-7---title,"모든 수준에서 의사결정이 대응적, 포용적, 참여적이며 대표성을 갖출 수 있도록 보장","Обеспечить ответственное принятие решений
репрезентативными органами на всех уровнях с участием
всех слоев общества"
global_targets:16-8---title,글로벌 거버넌스 제도 하에서 개발도상국의 참여를 확대하고 강화,"Расширить и активизировать участие развивающихся
стран в деятельности органов глобального
регулирования"
global_targets:16-9---title,2030년까지 출생등록을 포함하여 모두에게 법적신원 제공,"К 2030 году обеспечить наличие у всех людей
законных удостоверений личности, включая свидетельства
о рождении"
global_targets:16-a---title,"폭력예방 및 테러, 범죄 예방 차원에서  모든 수준, 특히 개도국에서 역량강화를 위해 국제협력 등을 포함하여 관련된 국내 제도 강화","Укрепить соответствующие национальные
учреждения, в том числе благодаря международному
сотрудничеству, в целях наращивания на всех уровнях
— в частности в развивающихся странах — потенциала
в деле предотвращения насилия и борьбы
с терроризмом и преступностью"
global_targets:16-b---title,지속가능발전을 위한 비차별적 법률과  정책의 증진 및 강화," Поощрять и проводить в жизнь недискриминационные
законы и политику в интересах устойчивого
развития"
global_targets:17-1---title,조세 및 기타 수입 징수 국내역량 개선을 위해 국내재원 동원 강화 (개발도상국에 대한 국제지원 포함),"Усилить мобилизацию ресурсов из внутренних источников, в том числе благодаря международной поддержке развивающихся стран, с тем чтобы повысить национальные возможности по сбору налогов и других доходов"
global_targets:17-10---title,"도하개발의제 협상 타결을 통하여 세계무역기구(WTO)하에서의 보편적, 규칙기반, 개방적, 비차별적, 공평한 다자무역제도 촉진","Поощрять универсальную, основанную на
правилах, открытую, недискриминационную и справедливую
многостороннюю торговую систему в
рамках Всемирной торговой организации, в том
числе благодаря завершению переговоров по ее Дохинской
повестке дня в области развития"
global_targets:17-11---title,2020년까지 전 세계 수출에서 최빈개도국의 비중을 2배 증대하는 것을 목표로 개발도상국의 수출을 대폭 증대,"Значительно увеличить экспорт развивающихся
стран, в частности в целях удвоения доли
наименее развитых стран в мировом экспорте к
2020 году
"
global_targets:17-12---title,최빈개도국 수입품에 대한 특혜 원산지규정 투명성 및 명료성을 포함하여 최빈개도국의 무관세 및 수량규제 없는 시장접근에 대한 WTO 결정을 시의성 있게 이행,"Обеспечить своевременное предоставление
всем наименее развитым странам на долгосрочной
основе беспошлинного и неквотируемого доступа на
рынки в соответствии с решениями Всемирной торговой
организации, в том числе путем обеспечения
того, чтобы преференциальные правила происхождения,
применяемые в отношении товаров, импортируемых
из наименее развитых стран, были прозрачными
и простыми и содействовали облегчению доступа
на рынки"
global_targets:17-13---title,정책일관성 및 조율을 통하여 글로벌거시경제 안전성 강화,"Повысить глобальную макроэкономическую
стабильность, в том числе посредством координации
политики и обеспечения последовательности политики"
global_targets:17-14---title,지속가능발전을 위한 정책일관성 강화,"Сделать более последовательной политику по
обеспечению устойчивого развития"
global_targets:17-15---title,빈곤퇴치아 지속가능발전을 위한 정책을 수립하고 이행하는데 있어 각국의 정책적 재량과 리더십 존중," Уважать имеющееся у каждой страны пространство
для стратегического маневра и ее ведущую
роль в разработке и проведении в жизнь политики
ликвидации нищеты и политики в области
устойчивого развития"
global_targets:17-16---title,"모든 국가, 특히 개도국에서 SDGs 달성을 지원하기 위해, 지식·전문성·기술·재원을 동원 공유하는 다양한 이해당사자간 파트너십에 의해 보완되는 지속가능발전을 위한 글로벌 파트너십 강화","Укреплять Глобальное партнерство в интересах
устойчивого развития, дополняемое партнерствами
с участием многих заинтересованных сторон,
которые мобилизуют и распространяют знания,
опыт, технологии и финансовые ресурсы, с тем
чтобы поддерживать достижение целей в области
устойчивого развития во всех странах, особенно в
развивающихся странах"
global_targets:17-17---title,"파트너십의 경험과 재원조달 전략에 기초하여 효과저긴 공공, 민관, 시민사회  간 파트너십 권장 및 촉진","Стимулировать и поощрять эффективное партнерство
между государственными организациями,
между государственным и частным секторами и
между организациями гражданского общества, опираясь
на опыт и стратегии использования ресурсов
партнеров"
global_targets:17-18---title,"2020년까지 고품질의, 시의성 있고 신뢰도 높은 데이터를 소득, 성, 인종, 민족, 이민·이주신분, 장애상태, 지리적 위치, 기타 국가별 상황에 맞는 특성별로 세분화하여 제공할 수 있도록 개발도상국의 역량 구축 지원 강화"," К 2020 году усилить поддержку в целях наращивания
потенциала развивающихся стран, в том
числе наименее развитых стран и малых островных
развивающихся государств, с тем чтобы значительно
повысить доступность высококачественных, актуальных
и достоверных данных, дезагрегированных
по уровню доходов, гендерной принадлежности,
возрасту, расе, национальности, миграционному статусу,
инвалидности, географическому местонахождению
и другим характеристикам, значимым с учетом
национальных условий"
global_targets:17-19---title,"2030년까지 GDP 보완을 위한 지속가능바전 성과 측정치 개발에 대한 현존 이니셔티브를 기반으로 이를 발전시키고, 개도국의 통계역량구축을 지원","К 2030 году, опираясь на нынешние инициативы,
разработать, в дополнение к показателю валового
внутреннего продукта, и другие показатели измерения
прогресса в деле обеспечения устойчивого
развития и содействовать наращиванию потенциала
развивающихся стран в области статистики"
global_targets:17-2---title,"선진국은 개도국에 GNI의 0.7%를, 최빈개도국에 GNI의 0.15-0.20%를 ODA로 제공하는 것을 포함한 ODA 공약달성을 완전히 이행해야 하고, ODA 제공 국가는 적어도 GNI의 0.20%를 최빈개도국에 제공하는 것을 목표로 고려할 것을 권장","Обеспечить, чтобы развитые страны полностью
выполнили свои обязательства по оказанию
официальной помощи в целях развития (ОПР), в том
числе взятое многими развитыми странами обязательство
достичь целевого показателя выделения
средств по линии ОПР развивающимся странам на
уровне 0,7 процента своего валового национального
дохода (ВНД) и выделения ОПР наименее развитым
странам на уровне 0,15–0,20 процента своего ВНД;
государствам, предоставляющим ОПР, предлагается
рассмотреть вопрос о том, чтобы поставить перед
собой цель выделять не менее 0,20 процента своего
ВНД по линии ОПР наименее развитым странам"
global_targets:17-3---title,개발도상국을 위해 다양한 출처로부터  추가적인 재원 동원,"Мобилизовать дополнительные финансовые
ресурсы из самых разных источников для развивающихся
стран"
global_targets:17-4---title,"필요한 경우 부채조달, 부채탕감, 부채조정을 목표로 하는 정책조율을 통해 개발도상국이 장기적인 부채 상환능력을 갖출수있도록 지원; 고채무국의 채무부담을 완화하기 위해 외채문제에 대응","Оказывать развивающимся странам помощь в
целях обеспечения долгосрочной приемлемости
уровня их задолженности благодаря проведению
скоординированной политики, направленной на поощрение,
в зависимости от обстоятельств, финансирования
за счет заемных средств, облегчения долгового
бремени и реструктуризации задолженности, и
решить проблему внешней задолженности бедных
стран с крупной задолженностью, с тем чтобы облегчить
их долговое бремя
"
global_targets:17-5---title,최빈개도국을 위한 투자촉진계획을 채택하고 이행,"Принять и применять режимы поощрения инвестиций
в интересах наименее развитых стран"
global_targets:17-6---title,"과학, 기술, 혁신에 관한 북-남, 남-남, 삼각협력 등의 지역 및 국가 간 협력과 접근을 강화; 글로벌 기술촉진 메커니즘 활용 및 특히 UN 차원에서 마련된 기존 메커니즘 간의 조정을 개선하여 상호합의된 조건에 따른 지식공유 확대","Расширять сотрудничество по линии Север —
Юг и Юг — Юг, а также трехстороннее региональное
и международное сотрудничество в областях
науки, техники и инноваций и доступ к соответствующим
достижениям; активизировать обмен знаниями
на взаимно согласованных условиях, в том
числе благодаря улучшению координации между существующими
механизмами, в частности на уровне
Организации Объединенных Наций, а также с помощью
глобального механизма содействия передаче
технологий"
global_targets:17-7---title,"상호합의에 따라 양허, 특혜 등 유리한 조건으로 개발도상국에 환경적으로 안전한 기술의 개발, 이전, 전파 및 확산을 증진","Содействовать разработке, передаче, распространению
и освоению экологически безопасных
технологий, так чтобы их получали развивающиеся
страны на взаимно согласованных благоприятных
условиях, в том числе на льготных и преференциальных
условиях"
global_targets:17-8---title,2017년까지 최빈개도국을 위한 기술은행 및 과학기술혁신 역량구축 메카니즘 운영을 전면 가동하고 정보통신기술(ICT) 위주의 핵심기술 사용을 강화,"Обеспечить к 2017 году полномасштабное
функционирование банка технологий и механизма
развития науки, технологий и инноваций в интересах
наименее развитых стран и расширить использование
высокоэффективных технологий, в частности
информационно-коммуникационных технологий"
global_targets:17-9---title,"북남, 남-남, 삼각협력을 통하여, SDGs를 효과적으로 달성하기 위한 국가계획을 지원할 개도국의 효과적, 선별적 역량구축 이행에 대한 국제적 지원을 강화","Усилить международную поддержку эффективного
и целенаправленного наращивания потенциала
развивающихся стран для содействия реализации
национальных планов достижения всех целей в области устойчивого развития, в том числе благодаря
сотрудничеству по линии Север — Юг и Юг —
Юг и трехстороннему сотрудничеству"
global_targets:2-1---title,"2030년까지 기아를 종식시키고 모든 사람, 특히 영·유아를 포함한 빈곤층 및 취약계층이 안전하고 영양가 있으며 충분한 식량에 접근할 수 있도록 보장","К 2030 году покончить с голодом и обеспечить
всем, особенно малоимущим и уязвимым группам
населения, включая младенцев, круглогодичный доступ
к безопасной, питательной и достаточной пище"
global_targets:2-2---title,"2025년까지 5세 미만의 발육부진 및 쇠약에 관한 국제 목표 달성을 포함하여 2030년까지 모든 형태의 영양 부족을 종식시키고 여성 청소년, 임산부, 수유여성 및 노년층의 영양상태 개선","К 2030 году покончить со всеми формами
недоедания, в том числе достичь к 2025 году согласованных
на международном уровне целевых показателей,
касающихся борьбы с задержкой роста и
истощением у детей в возрасте до пяти лет, и удовлетворять
потребности в питании девочек подросткового
возраста, беременных и кормящих женщин и
пожилых людей"
global_targets:2-3---title,"2030년까지 토지 및 기타 생산자원과 투입요소, 지식, 금융서비스, 시장 및 부가가치 창출과 비농업부문 고용 기회에 대한 안전하고 동등한 접근을 통해 소규모 식량생산자, 특히 여성, 토착민, 가족농, 목축업자 및 어민의 농업 생산성과 소득을 두 배로 증가","К 2030 году удвоить продуктивность сельского
хозяйства и доходы мелких производителей продовольствия,
в частности женщин, представителей коренных
народов, фермерских семейных хозяйств,
скотоводов и рыбаков, в том числе посредством
обеспечения гарантированного и равного доступа к
земле, другим производственным ресурсам и факторам
сельскохозяйственного производства, знаниям,
финансовым услугам, рынкам и возможностям для
увеличения добавленной стоимости и занятости в
несельскохозяйственных секторах "
global_targets:2-4---title,"2030년까지 생산성과 생산량을 증가시키고 생태계 유지에 도움이 되며 기후변화, 기상 이변, 가문, 홍수 및 기타 자연재해데 대한 적응력을 강화하고 토지와 토양의 질을 점진적으로 향상 시킬 수 있는 지속가능한 식량생산체계를 보장하며, 회복력 있는 농업 관행을 이행","К 2030 году обеспечить создание устойчивых
систем производства продуктов питания и внедрить
методы ведения сельского хозяйства, которые позволяют
повысить жизнестойкость и продуктивность и
увеличить объемы производства, способствуют сохранению
экосистем, укрепляют способность адаптироваться
к изменению климата, экстремальным
погодным явлениям, засухам, наводнениям и другим
бедствиям и постепенно улучшают качество земель
и почв"
global_targets:2-5---title,"2020년까지 국가적, 지역적, 국제적 차원에서 건전하게 관리되고 다변화된 종자 및 식물 은행 등을 통해 종자, 재배식물, 가축과 사육동물 및 관련 야생종의 유전적 다양성을 유지하고, 국제적으로 합의된 바와 같이 유전자원과 관련 전통지식의 이용으로부터 발생하는 이익의 공정하고 공평한 분배에 대한 접근을 개선","К 2020 году обеспечить сохранение генетического
разнообразия семян и культивируемых растений,
а также сельскохозяйственных и домашних животных
и их соответствующих диких видов, в том
числе посредством надлежащего содержания разнообразных
банков семян и растений на национальном,
региональном и международном уровнях, и содействовать
расширению доступа к генетическим
ресурсам и связанным с ними традиционным знаниям
и совместному использованию на справедливой
и равной основе выгод от их применения на согласованных
на международном уровне условиях"
global_targets:2-a---title,"개발도상국 특히, 최빈개도국의 농업 생산역량 강화를 위해 국제협력 증진을 통해 농촌 지역 사회기반시설, 농업 연구 및 지원 서비스, 기술 개발, 식물 및 가축 유전자은행에 대한 투자 확대","Увеличить инвестирование, в том числе посредством
активизации международного сотрудничества,
в сельскую инфраструктуру, сельскохозяйственные
исследования и агропропаганду, развитие
технологий и создание генетических банков растений
и животных в целях укрепления потенциала
развивающихся стран, особенно наименее развитых
стран, в области сельскохозяйственного производства"
global_targets:2-b---title,도하개발라운드에 따른 농산품 보조금 철폐를 포함하여 세계농업시장에서의 무역규제 및 왜곡 시정,"Устранять и пресекать введение торговых
ограничений и возникновение искажений на мировых
рынках сельскохозяйственной продукции, в том
числе посредством параллельной ликвидации всех
форм субсидирования экспорта сельскохозяйственной
продукции и всех экспортных мер, имеющих аналогичные последствия, в соответствии с мандатом
Дохинского раунда переговоров по вопросам
развития"
global_targets:2-c---title,지나친 식품가격 변동성 제어에 도움이 되도록 식품상품 시장의 정상적인 기능을 위한 조치 채택,"Принять меры для обеспечения надлежащего
функционирования рынков продовольственных товаров
и продукции их переработки и содействовать
своевременному доступу к рыночной информации, в
том числе о продовольственных резервах, с целью
помочь ограничить чрезмерную волатильность цен
на продовольствие"
global_targets:3-1---title,2030년까지  모성사망비율을 10만 명 당 70명미만으로 감소,"К 2030 году снизить глобальный коэффициент
материнской смертности до менее 70 случаев
на 100 000 живорождений
"
global_targets:3-2---title,"2030년까지 신생아와 5세미만의 예방가능한 사망을 종식시켜, 모든 국가의 신생아 사망률을 1000명당 최소 12명 이하,  5세 미만 사망률을 1000명당 최소 25명 이하 목표","К 2030 году положить конец предотвратимой
смертности новорожденных и детей в возрасте до
пяти лет, при этом все страны должны стремиться
уменьшить неонатальную смертность до не более
12 случаев на 1000 живорождений, а смертность в
возрасте до пяти лет до не более 25 случаев на
1000 живорождений"
global_targets:3-3---title,"2030년까지 후천성면역결핍증(AIDS), 결핵, 말라리아 및  소외열대질환의 확산을  종식시키고, 간염, 수인성 질병 및 기타 전염성 질병 방지","К 2030 году положить конец эпидемиям
СПИДа, туберкулеза, малярии и тропических болезней,
которым не уделяется должного внимания, и
обеспечить борьбу с гепатитом, заболеваниями, передаваемыми
через воду, и другими инфекционными
заболеваниями"
global_targets:3-4---title,2030년까지 예방과 치료를 통해 비전염성 질병으로 인한 조기 사망을 1/3로 감소시키고 정신건강과 웰빙을 향상,"К 2030 году уменьшить на треть преждевременную
смертность от неинфекционных заболеваний
посредством профилактики и лечения и поддержания
психического здоровья и благополучия"
global_targets:3-5---title,마약 및 해로운 알코올을 포함하여 약물남용 예방 및 치료 강화,"Улучшать профилактику и лечение зависимости
от психоактивных веществ, в том числе злоупотребления
наркотическими средствами и алкоголем"
global_targets:3-6---title,"2020년까지, 도로교통사고로 인한 사망자 및 부상자 수를 절반으로 감소","К 2020 году вдвое сократить во всем мире
число смертей и травм в результате дорожно-транспортных
происшествий"
global_targets:3-7---title,"2030년까지 가족계획, 정보및교육 등을 포함한 성 및 생식보건서비스에 대한 보편적 접근을 보장하고 생식보건을 국가전략과 프로그램에 통합","К 2030 году обеспечить всеобщий доступ к
услугам по охране сексуального и репродуктивного
здоровья, включая услуги по планированию семьи,
информирование и просвещение, и учет вопросов
охраны репродуктивного здоровья в национальных
стратегиях и программах"
global_targets:3-8---title,"재정 위험 보호, 양질의 필수 보건서비스, 모두에게 안전하고 효과적이며 합리적인 가격의 필수 약품 및 백신에 대한 접근 등을 포함하는 보편적 건강보장 서비스 제공","Обеспечить всеобщий охват услугами здравоохранения,
в том числе защиту от финансовых рисков,
доступ к качественным основным медико-санитарным
услугам и доступ к безопасным, эффективным,
качественным и недорогим основным лекарственным
средствам и вакцинам для всех"
global_targets:3-9---title,"2030년까지 유해화학물질, 대기오염, 수질오염, 토양 오염으로 인한 사망 및 질병 건수를 상당 수준으로 감소","К 2030 году существенно сократить количество
случаев смерти и заболевания в результате воздействия
опасных химических веществ и загрязнения
и отравления воздуха, воды и почв"
global_targets:3-a---title,WHO 담배규제기본협약 이행 강화,"Активизировать при необходимости осуществление
Рамочной конвенции Всемирной организации
здравоохранения по борьбе против табака во всех
странах"
global_targets:3-b---title,"개도국에서 주로 발생하는 전염성 및 비전염성 질병에 대한 백신 및 약품 개발과 연구 지원, 저렴한 가격의 필수 의약품 및 백신의 제공, 특히 모두에게 의약품에 대한 접근을 보장","Оказывать содействие исследованиям и разработкам
вакцин и лекарственных препаратов для лечения
инфекционных и неинфекционных болезней,
которые в первую очередь затрагивают развивающиеся
страны, обеспечивать доступность недорогих
основных лекарственных средств и вакцин в соответствии
с Дохинской декларацией «Соглашение по
ТРИПС и общественное здравоохранение», в которой
подтверждается право развивающихся стран в
полном объеме использовать положения Соглашения по торговым аспектам прав интеллектуальной собственности
в отношении проявления гибкости для
целей охраны здоровья населения и, в частности,
обеспечения доступа к лекарственным средствам
для всех"
global_targets:3-c---title,"최빈개도국 및 개도국에서의 보건인력 양성, 훈련 및 보건 분야 재원을 상당 수준 증가","Существенно увеличить финансирование здравоохранения
и набор, развитие, профессиональную
подготовку и удержание медицинских кадров в развивающихся
странах, особенно в наименее развитых
странах и малых островных развивающихся государствах"
global_targets:3-d---title,"모든 국가, 특히 개도국의 조기경보, 위험 감소, 국가 및 글로벌 보건리스크 관리 역량 강화","Наращивать потенциал всех стран, особенно
развивающихся стран, в области раннего предупреждения,
снижения рисков и регулирования национальных
и глобальных рисков для здоровья"
global_targets:4-1---title,2030년까지 모든 여아와 남아가 적절하고 효과적인 학습성과를 거둘 수 있도록 공평하고 양질의 무상 초등교육과 중등교육의 이수를 보장,"К 2030 году обеспечить, чтобы все девочки и
мальчики завершали получение бесплатного, равноправного
и качественного начального и среднего образования,
позволяющего добиться востребованных
и эффективных результатов обучения"
global_targets:4-2---title,"2030년까지 모든 여아와 남아가 초등교육을 받을 준비가 되도록 양질의 영유아 발달 교육, 보육 및 취학 전 교육에 대한 접근을 보장","К 2030 году обеспечить всем девочкам и мальчикам
доступ к качественным системам развития,
ухода и дошкольного обучения детей младшего возраста,
с тем чтобы они были готовы к получению
начального образования
"
global_targets:4-3---title,"2030년까지 모든 여성과 남성에게 적정비용의 양질의 기술교육, 직업교육 및 대학을 포함한 고등교육에 대한 평등한 접근을 보장","К 2030 году обеспечить для всех женщин и
мужчин равный доступ к недорогому и качественному
профессионально-техническому и высшему
образованию, в том числе университетскому образованию"
global_targets:4-4---title,"2030년까지 전문.직업기술 등 취업, 양질의 일자리, 창업활동을 위해 필요한 적합한 기술을 지닌 청소년과 성인의 수를 실질적으로 증가","К 2030 году существенно увеличить число молодых
и взрослых людей, обладающих востребованными
навыками, в том числе профессионально-техническими
навыками, для трудоустройства, получения
достойной работы и занятий предпринимательской
деятельностью"
global_targets:4-5---title,"2030년까지 교육에서의 성차를 해소하고, 장애인, 토착민, 취약상황에 처한 아동을 포함한 취약계층이 모든 수준의 교육과 직업훈련에 평등하게 접근","К 2030 году ликвидировать гендерное неравенство
в сфере образования и обеспечить равный
доступ к образованию и профессионально-технической
подготовке всех уровней для уязвимых групп
населения, в том числе инвалидов, представителей
коренных народов и детей, находящихся в уязвимом
положении"
global_targets:4-6---title,2030년까지 모든 청소년과 상당수 성인 남녀의 문해력과 수리력 성취를 보장,"К 2030 году обеспечить, чтобы все молодые
люди и значительная доля взрослого населения, как
мужчин, так и женщин, умели читать, писать и считать
"
global_targets:4-7---title,"2030년까지 모든 학습자들이 지속가능발전 및 지속가능생할방식, 인권, 성평등, 평화와 비폭력문화증진, 세계시민의식, 문화다양성 및 지속가능발전을 위한 문화의 기여에 대한 교육을 통해, 지속가능발전을 증진하기 위해 필요한 지식 및 기술 습득을 보장","К 2030 году обеспечить, чтобы все учащиеся
приобретали знания и навыки, необходимые для содействия
устойчивому развитию, в том числе посредством
обучения по вопросам устойчивого развития
и устойчивого образа жизни, прав человека, гендерного
равенства, пропаганды культуры мира и ненасилия,
гражданства мира и осознания ценности
культурного разнообразия и вклада культуры в
устойчивое развитие
"
global_targets:4-a---title,"아동, 장애인, 성차를 고려한 교육시설을 건립 및 개선하고, 모두를 위한 안전하고 비폭력적이며, 포용적이고 효과적인 학습환경을 제공","Создавать и совершенствовать учебные заведения,
учитывающие интересы детей, особые нужды
инвалидов и гендерные аспекты, и обеспечить безопасную,
свободную от насилия и социальных барьеров
и эффективную среду обучения для всех"
global_targets:4-b---title,"2020년까지 전 세계적으로 개도국, 특히 최빈국, 군소도서개발국, 아프리카 국가나 선진국이나 기타 개발도상국의 직업훈련, ICT, 과학기술 및 공학분야를 포함한 고등교육에 등록하도록 지원하는 장학금을 실질적으로 확대","К 2020 году значительно увеличить во всем
мире количество стипендий, предоставляемых развивающимся
странам, особенно наименее развитым
странам, малым островным развивающимся государствам
и африканским странам, для получения
высшего образования, включая профессионально-техническое
образование и обучение по вопросам
информационно-коммуникационных технологий,
технические, инженерные и научные программы, в
развитых странах и других развивающихся странах"
global_targets:4-c---title,"2030년까지 개발도상국, 특히 최빈국 및 군소도서개발국에서 교사훈련을 위한 국제협력을 통해 양성된 교사를 포함하여 자격을 갖춘 교사 공급을 실질적으로 증대","К 2030 году значительно увеличить число квалифицированных
учителей, в том числе посредством
международного сотрудничества в подготовке
учителей в развивающихся странах, особенно в
наименее развитых странах и малых островных развивающихся
государствах"
global_targets:5-1---title,모든 곳에서 모든 여성과 여아에 대한 모든 형태의 차별 종식,"Повсеместно ликвидировать все формы дискриминации
в отношении всех женщин и девочек"
global_targets:5-2---title,"인신매매, 성적 착취 및 기타 형태의 착취를 포함하여 공적 및 사적 영역에서 모든 여성과 여아에 대한 모든 형태의 폭력 근절","Ликвидировать все формы насилия в отношении
всех женщин и девочек в публичной и частной
сферах, включая торговлю людьми и сексуальную и
иные формы эксплуатации"
global_targets:5-3---title,"아동 결혼, 조혼 및 강제결혼, 여성성기절제와 같은 모든 유해한 관습 근절","Ликвидировать все вредные виды практики,
такие как детские, ранние и принудительные браки
и калечащие операции на женских половых органах"
global_targets:5-4---title,"국가별 상황에 맞는 공공서비스, 사회기반시설 및 사회보호정책의 제공과 가구 및 가족 내 책임부담 촉진을 통해 무보수 가사노동과 돌봄노동을 인지하고 가치를 부여","Признавать и ценить неоплачиваемый труд по
уходу и работу по ведению домашнего хозяйства,
предоставляя коммунальные услуги, инфраструктуру
и системы социальной защиты и поощряя
принцип общей ответственности в ведении хозяйства
и в семье, с учетом национальных условий"
global_targets:5-5---title,"정치, 경제, 공공부문에서 모든 단계의 의사결정과정에서 여성의 완전하고 효과적인 참여와 리더십에 대한 평등한 기회를 보장","Обеспечить всестороннее и реальное участие
женщин и равные для них возможности для лидерства
на всех уровнях принятия решений в политической,
экономической и общественной жизни"
global_targets:5-6---title,"국제인구개발회의(ICPD) 행동계획과 북경 행동강령 및 이에 대한 검토회의 결과문서에 따라 모든 이가 성, 생식보건, 재생산권에 대한 보편적인 접근을 보장","Обеспечить всеобщий доступ к услугам в области
охраны сексуального и репродуктивного здоровья
и к реализации репродуктивных прав в соответствии
с Программой действий Международной
конференции по народонаселению и развитию, Пекинской
платформой действий и итоговыми документами
конференций по рассмотрению хода их выполнения"
global_targets:5-a---title,"경제적 자원, 소유권, 토지 및 기타 형태의 부동산, 상속, 천연자원, 금융서비스 등의 평등한 권리를 여성에게 보장하도록 개혁 실시","Провести реформы в целях предоставления
женщинам равных прав на экономические ресурсы,
а также доступа к владению и распоряжению землей
и другими формами собственности, финансовым
услугам, наследуемому имуществу и природным ресурсам
в соответствии с национальными законами"
global_targets:5-b---title,여성의 권한 증대를 위해 유용한 기술사용 강화 (특히 ICT),"Активнее использовать высокоэффективные
технологии, в частности информационно-коммуникационные
технологии, для содействия расширению
прав и возможностей женщин"
global_targets:5-c---title,모든 수준에서 모든 여성과 여아의 권한강화와 성평등 촉진을 위해 명확한 정책과 집행가능한 법을 채택하고 강화,"Принимать и совершенствовать разумные
стратегии и исполнимые законы в целях поощрения
гендерного равенства и расширения прав и возможностей
всех женщин и девочек на всех уровнях"
global_targets:6-1---title,2030년까지 안전한 식수에 대한 보편적 접근성 제공,"К 2030 году обеспечить всеобщий и равноправный
доступ к безопасной и недорогой питьевой
воде для всех"
global_targets:6-2---title,각별히 여성 및 소녀의 필요성을 고려하여 2030년까지 충분하고 공평한 위생시설 보장; 노상배변(open defecation) 근절,"К 2030 году обеспечить всеобщий и равноправный
доступ к надлежащим санитарно-гигиеническим
средствам и положить конец открытой дефекации,
уделяя особое внимание потребностям женщин
и девочек и лиц, находящихся в уязвимом положении
"
global_targets:6-3---title,"2030년까지, 오염 감소, 유해 화학물질 투기 근절 및 배출 최소화를 통해 미처리된 하수 비율을 절반으로 줄이고 재활용 및 안전한 재사용을 전 세계적으로 대폭 확대","К 2030 году повысить качество воды посредством
уменьшения загрязнения, ликвидации сброса
отходов и сведения к минимуму выбросов опасных
химических веществ и материалов, сокращения
вдвое доли неочищенных сточных вод и значительного
увеличения масштабов рециркуляции и безопасного
повторного использования сточных вод во
всем мире"
global_targets:6-4---title,2030년까지 전 부문에서의 물 사용 효율을 높이고 공급에 맞는 담수 회수(freshwater withdrawals) 및 공급으로 물 부족에 대응,"К 2030 году существенно повысить эффективность
водопользования во всех секторах и обеспечить
устойчивый забор и подачу пресной воды для
решения проблемы нехватки воды и значительного
сокращения числа людей, страдающих от нехватки
воды"
global_targets:6-5---title,2030년까지 국경 간 협력을 포함하여 통합된 물 자원 관리 이행,"К 2030 году обеспечить комплексное управление
водными ресурсами на всех уровнях, в том
числе, при необходимости, на основе трансграничного
сотрудничества"
global_targets:6-6---title,"2020년까지, 산, 산림, 습지, 강, 대수층 및 호수 등 물 관련 생태계를 보호 및 복원","К 2020 году обеспечить охрану и восстановление
связанных с водой экосистем, в том числе гор,
лесов, водно-болотных угодий, рек, водоносных
слоев и озер"
global_targets:6-a---title,물·위생 활동 및 프로그램과 관련하여 2030년까지 개발도상국가에 대한 국제협력 및 역량배양 지원을 확대,"К 2030 году расширить международное сотрудничество
и поддержку в деле укрепления потенциала
развивающихся стран в осуществлении деятельности
и программ в области водоснабжения и
санитарии, включая сбор поверхностного стока,
опреснение воды, повышение эффективности водопользования,
очистку сточных вод и применение
технологий рециркуляции и повторного использования"
global_targets:6-b---title,물·위생 관리 개선을 위해 지역사회 참여 지원 및 강화,"Поддерживать и укреплять участие местных
общин в улучшении водного хозяйства и санитарии"
global_targets:7-1---title,2030년까지 적절한 가격과 지속가능하며 현대화된 에너지 서비스의 보편적 접근 보장,"К 2030 году обеспечить всеобщий доступ к недорогому,
надежному и современному энергоснабжению"
global_targets:7-2---title,2030년까지 재생가능에너지 비중을 상당하게 증가,"К 2030 году значительно увеличить долю
энергии из возобновляемых источников в мировом
энергетическом балансе"
global_targets:7-3---title,2030년까지 에너지 효율성 향상 글로벌 비율을 두 배 증가,"К 2030 году удвоить глобальный показатель
повышения энергоэффективности"
global_targets:7-a---title,2030년까지 청정에너지 연구개발 이행을 위해 국제협력 강화,"К 2030 году активизировать международное
сотрудничество в целях облегчения доступа к исследованиям
и технологиям в области экологически чистой
энергетики, включая возобновляемую энергетику,
повышение энергоэффективности и передовые
и более чистые технологии использования ископаемого
топлива, и поощрять инвестиции в энергетическую
инфраструктуру и технологии экологически
чистой энергетики"
global_targets:7-b---title,2030년까지 개발도상국에 현대화된 지속 가능한 에너지서비스를 공급하기 위하여 에너지 기반 시설 확장 및 기술 업그레이드,"К 2030 году расширить инфраструктуру и модернизировать
технологии для современного и устойчивого энергоснабжения всех в развивающихся
странах, в частности в наименее развитых
странах, малых островных развивающихся государствах
и развивающихся странах, не имеющих выхода
к морю, с учетом их соответствующих программ
поддержки"
global_targets:8-1---title,국가별 상황에 맞게 1인당 경제성장을 유지하고 특히 최빈개도국은 최소한 연간 7% GDP 성장률 유지,"Поддерживать экономический рост на душу населения в соответствии с национальными условиями и, в частности, рост валового внутреннего продукта на уровне не менее 7 процентов в год в наименее развитых странах"
global_targets:8-10---title,"보험업, 금융업 및 금융지원서비스의 접근가능범위를 확대하기 위해 국가 내 금융 기관의 역량 강화","Укреплять способность национальных финансовых
учреждений поощрять и расширять доступ к
банковским, страховым и финансовым услугам для
всех"
global_targets:8-2---title,"노동집약적 산업부문 및 고부가가치 산업에 포커스를 두고 사업 다각화, 기술업그레이드 및 혁신으로 생산성 향상","Добиться повышения производительности в
экономике посредством диверсификации, технической
модернизации и инновационной деятельности,
в том числе путем уделения особого внимания секторам
с высокой добавленной стоимостью и трудоемким
секторам"
global_targets:8-3---title,"생산적 활동, 일자리 창출, 기업가 활동, 창의성 및 혁신을 지원하는 개발지향형 정책 촉진; 중소기업 육성","Содействовать проведению ориентированной
на развитие политики, которая способствует производительной
деятельности, созданию достойных рабочих
мест, предпринимательству, творчеству и инновационной
деятельности, и поощрять официальное
признание и развитие микро-, малых и средних
предприятий, в том числе посредством предоставления
им доступа к финансовым услугам"
global_targets:8-4---title,2030년까지 소비 및 생산에서의 국제적 자원 효율을 점진적으로 개선; 선진국의 주도하에 10년 주기 프로그램을 통하여 경제 성장으로 인한 환경훼손 억제,"На протяжении всего срока до конца 2030 года
постепенно повышать глобальную эффективность
использования ресурсов в системах потребления и
производства и стремиться к тому, чтобы экономический
рост не сопровождался ухудшением состояния
окружающей среды, как это предусматривается
Десятилетней стратегией действий по переходу к
использованию рациональных моделей потребления
и производства, причем первыми этим должны заняться
развитые страны"
global_targets:8-5---title,"2030년까지 장애가 있는 젊은 사람을 포함, 모든 남녀의 완전 고용을 달성; 동등한 가치의 업무에 대해 동등한 보수 보장","К 2030 году обеспечить полную и производительную
занятость и достойную работу для всех
женщин и мужчин, в том числе молодых людей и
инвалидов, и равную оплату за труд равной ценности"
global_targets:8-6---title,"2020년까지 고용, 교육 또는 훈련 상태에 있지 않은 청년 비율을 상당 수준으로 감소","К 2020 году существенно сократить долю молодежи,
которая не работает, не учится и не приобретает
профессиональных навыков"
global_targets:8-7---title,"강제노동 근절, 현대식 노예 및 인신매매 종식, 소년병 동원 및 징집 등 최악의 아동 노동 형태 금지 및 근절. 2025년까지 모든 형태의 아동 노동 근절","Принять срочные и эффективные меры для
того, чтобы искоренить принудительный труд, покончить
с современным рабством и торговлей
людьми и обеспечить запрет и ликвидацию наихудших
форм детского труда, включая вербовку и использование
детей-солдат, а к 2025 году покончить с
детским трудом во всех его формах 
"
global_targets:8-8---title,고용이 불안정한 노동자 및 이주노동자(특히 여성)의 노동권 보호 및 안전한 작업환경 촉진,"Защищать трудовые права и содействовать
обеспечению надежных и безопасных условий работы
для всех трудящихся, включая трудящихся-мигрантов,
особенно женщин-мигрантов, и лиц, не
имеющих стабильной занятости"
global_targets:8-9---title,"2030년까지 일자리를 창출하고, 지역 문화와 제품들을 증진하는 지속 가능 관광 촉진을 위한 정책들의 설계 및 시행","К 2030 году обеспечить разработку и осуществление
стратегий поощрения устойчивого туризма,
который способствует созданию рабочих
мест, развитию местной культуры и производству
местной продукции"
global_targets:8-a---title,"개발도상국, 특히 최빈개도국에 대한 무역원조의 증가 (최빈개도국을 위한 무역관계 기술지원을 위한 강화된 통합프레임하에서 이루어지는 원조를 포함)","Увеличить оказываемую в рамках инициативы
«Помощь в торговле» поддержку развивающихся
стран, особенно наименее развитых стран, в том
числе по линии Расширенной комплексной рамочной
программы для оказания технической помощи в
области торговли наименее развитым странам"
global_targets:8-b---title,2020년까지 청년실업에 대한 글로벌 전략 수립 및 운영; 국제노동기구의 ILO Global Jobs Pact 이행,"К 2020 году разработать и ввести в действие
глобальную стратегию обеспечения занятости молодежи
и осуществить Глобальный пакт о рабочих местах
Международной организации труда"
global_targets:9-1---title,"경제발전 및 인간의 웰빙을 위한 고품질, 신뢰성 높은, 지속가능한 탄력적 기반시설 구축","Развивать качественную, надежную, устойчивую
и стойкую инфраструктуру, включая региональную
и трансграничную инфраструктуру, в целях
поддержки экономического развития и благополучия
людей, уделяя особое внимание обеспечению недорогого
и равноправного доступа для всех"
global_targets:9-2---title,포괄적이고 지속가능한 산업화 촉진; 2030년까지 산업부문의 고용률을 상당 수준으로 증가(최빈개도국의 경우 2배로 증가),"Содействовать всеохватной и устойчивой индустриализации
и к 2030 году существенно повысить
уровень занятости в промышленности и долю
промышленного производства в валовом внутреннем
продукте в соответствии с национальными
условиями и удвоить соответствующие показатели в
наименее развитых странах"
global_targets:9-3---title,소규모 산업체의 가치사슬 및 시장으로의 통합 및 금융서비스 접근가능성 강화(특히 개발도상국),"Расширить доступ мелких промышленных и
прочих предприятий, особенно в развивающихся
странах, к финансовым услугам, в том числе к недорогим
кредитам, и усилить их интеграцию в производственно-сбытовые
цепочки и рынки"
global_targets:9-4---title,자원사용 효율 제고와 청정/환경 친화 기술 및 산업공정의 도입을 통해 2030년까지 기반시설과 낙후된 산업시설을 지속가능한 환경으로 개선 및 개조하고 모든 국가들은 각자의 역량에 따라 이를 이행함,"К 2030 году модернизировать инфраструктуру
и переоборудовать промышленные предприятия,
сделав их устойчивыми за счет повышения эффективности
использования ресурсов и более широкого
применения чистых и экологически безопасных технологий
и промышленных процессов, с участием
всех стран в соответствии с их индивидуальными
возможностями"
global_targets:9-5---title,"2030년까지, 인구 백만 명 당 연구 개발 종사자의 수와 공공/민간 연구 개발 지출 대폭 증가 및 혁신 장려 등을 통해, 모든 국가, 특히 개발도상국의 과학 연구 강화, 산업 부문의 기술 역량 향상","Активизировать научные исследования, наращивать
технологический потенциал промышленных
секторов во всех странах, особенно развивающихся
странах, в том числе путем стимулирования к
2030 году инновационной деятельности и значительного
увеличения числа работников в сфере научноисследовательских
и опытно-конструкторских работ
(НИОКР) в расчете на 1 миллион человек, а также
государственных и частных расходов на НИОКР"
global_targets:9-a---title,"아프리카 국가들, 최빈개도국들, 소규모 도서 개발도상국에 대한 강화된 금융, 기술, 전문적 지원을 통해, 개발도상국들에서 지속 가능하고, 회복탄력성을 갖춘 인프라 개발 촉진","Содействовать развитию экологически устойчивой
и стойкой инфраструктуры в развивающихся
странах за счет увеличения финансовой, технологической
и технической поддержки африканских
стран, наименее развитых стран, развивающихся
стран, не имеющих выхода к морю, и малых островных
развивающихся государств"
global_targets:9-b---title,"산업 다각화, 상품가치를 부가시키는 산업 환경 정책을 보장하여 개발도상국가의 국내 기술개발, 연구 및 혁신이 이루어지도록 지원","Поддерживать разработки, исследования и инновации
в сфере отечественных технологий в развивающихся
странах, в том числе путем создания политического климата, благоприятствующего, в частности,
диверсификации промышленности и увеличению
добавленной стоимости в сырьевых отраслях"
global_targets:9-c---title,"ICT 접근성을 상당 수준으로 증가시키고, 2020년까지 최빈개도국의 보편적인 인터넷 접근성(access) 달성을 위해 노력","Существенно расширить доступ к информационно-коммуникационным
технологиям и стремиться
к обеспечению всеобщего и недорогого доступа к
Интернету в наименее развитых странах к 2020 году"
global_goals:1---short,빈곤퇴치,Ликвидация нищеты
global_goals:1---title,모든 곳에서 모든 형태의 빈곤 종식,Повсеместная ликвидация нищеты во всех ее формах
global_goals:10---short,불평등 완화,Уменьшение неравенства
global_goals:10---title,국내 및 국가 간 불평등 감소,Сокращение неравенства внутри стран и между ними
global_goals:11---short,지속가능한 도시와 공동체,Устойчивые города и населенные пункты
global_goals:11---title,포용적이고 안전하며 회복력 있고 지속가능한 도시와 주거지 조성,"Обеспечение открытости, безопасности, жизнестойкости и экологической
устойчивости городов и населенных пунктов"
global_goals:12---short,책임감있는 소비와 생산,Ответственное потребление и производство
global_goals:12---title,지속가능한 소비와 생산 양식의 보장,Обеспечение перехода к рациональным моделям потребления и производства
global_goals:13---short,기후변화 대응,Борьба с изменением климата
global_goals:13---title,기후변화와 그로 인한 영향에 맞서기 위한 긴급 대응,Принятие срочных мер по борьбе с изменением климата и его последствиями
global_goals:14---short,해양 생태계,Сохранение морских экосистем
global_goals:14---title,"지속가능발전을 위한 대양, 바다, 해양자원의 보전과 지속가능한 이용","Сохранение и рациональное использование океанов, морей и морских ресурсов
в интересах устойчивого развития
"
global_goals:15---short,육상 생태계,Сохранение экосистем суши
global_goals:15---title,"육상생태계의 지속가능한 보호·복원·증진, 숲의 지속가능한 관리, 사막화 방지, 토지황폐화의 중지와 회복, 생물다양성 손실 중단","Защита и восстановление экосистем суши и содействие их рациональному
использованию, рациональное лесопользование, борьба с опустыниванием,
прекращение и обращение вспять процесса деградации земель и прекращение
процесса утраты биологического разнообразия
"
global_goals:16---short,"평화, 정의와 제도","Мир, правосудие и эффективные институты"
global_goals:16---title,"지속가능발전을 위한 평화롭고 포용적인 사회 증진, 모두에게 정의를 보장, 모든 수준에서 효과적이며 책임감 있고 포용적인 제도 구축","Содействие построению миролюбивого и открытого общества в интересах устойчивого
развития, обеспечение доступа к правосудию для всех и создание эффективных,
подотчетных и основанных на широком участии учреждений на всех уровнях
"
global_goals:17---short,SDGs를 위한 파트너십,Партнерство в интересах устойчивого развития
global_goals:17---title,이행수단 강화와 지속가능발전을 위한 글로벌 파트너십의 활성화,"Укрепление средств осуществления и активизация работы в рамках Глобального
партнерства в интересах устойчивого развития"
global_goals:2---short,기아종식,Ликвидация голода
global_goals:2---title,"기아 종식, 식량안보와 개선된 영양상태의 달성, 지속 가능항 농업 강화","Ликвидация голода, обеспечение продовольственной безопасности и улучшение питания
и содействие устойчивому развитию сельского хозяйства"
global_goals:3---short,건강과 웰빙,Хорошее здоровье и благополучие
global_goals:3---title,모든 연령층을 위한 건강한 삶 보장과 복지 증진,"Обеспечение здорового образа жизни и содействие благополучию для всех
в любом возрасте"
global_goals:4---short,양질의 교육,Качественное образование
global_goals:4---title,모두를 위한 포용적이고 공평한 양질의 교육 보장 및 평생학습 기회 증진,"Обеспечение всеохватного и справедливого качественного образования и поощрение
возможности обучения на протяжении всей жизни для всех"
global_goals:5---short,양성평등,Гендерное равенство
global_goals:5---title,성평등 달성과 모든 여성 및 여아의 권익신장,"Обеспечение гендерного равенства и расширение прав и возможностей всех
женщин и девочек"
global_goals:6---short,물과 위생,Чистая вода и санитария
global_goals:6---title,모두를 위한 물과 위생의 이용가능성과 지속가능한 관리 보장,"Обеспечение наличия и рационального использования водных ресурсов и санитарии
для всех
"
global_goals:7---short,깨끗한 에너지,Недорогостоящая и чистая энергия
global_goals:7---title,적정한 가격에 신뢰할 수 있고 지속가능한 현대적인 에너지에 대한 접근 보장,"Обеспечение доступа к недорогим, надежным, устойчивым и современным источникам
энергии для всех"
global_goals:8---short,양질의 일자리와 경제성장,Достойна работа и экономический рост
global_goals:8---title,"포용적이고 지속가능한 경제성장, 완전하고 생산적인 고용과 모두를 위한 양질의 일자리 증진","Содействие поступательному, всеохватному и устойчивому экономическому росту,
полной и производительной занятости и достойной работе для всех"
global_goals:9---short,"산업, 혁신과 사회기반시설","Индустриализация, инновации и инфраструктура"
global_goals:9---title,"회복력 있는 사회기반시설 구축, 포용적이고 지속가능한 산업화 증진과 혁신 도모","Создание стойкой инфраструктуры, содействие всеохватной и устойчивой
индустриализации и инновациям"
indicator:chart,Chart,График
indicator:clear_all,Clear all,Очистить всё
indicator:clear_selections,Clear selections,Очистить выделенное
indicator:dataset_size_warning,There are too many datasets to show on the chart. Not all will be shown until you remove some selections.,"В таблице слишком много данных, чтобы показать в графике. Чтобы увидеть все, удалите выделенное."
indicator:download_chart,Download Chart CSV,Скачать график CSV
indicator:download_chart_image,Download Chart Image,Загрузить изображение диаграммы
indicator:download_chart_image_title,Download chart as image,Скачать диаграмму как изображение
indicator:download_csv,Download CSV,Скачать CSV
indicator:download_csv_title,Download as CSV,Скачать в формате CSV
indicator:download_headline,Download Headline CSV,Скачать заголовки CSV
indicator:download_headline_title,Download headline data as CSV,Скачать данные заголовков в формате CSV
indicator:download_source,Download Source CSV,Скачать исходные CSV
indicator:download_source_title,Download source data as CSV,Скачать исходные данные в формате CSV
indicator:download_table,Download Table CSV,Скачать табличные CSV
indicator:edit,Edit,Редактировать
indicator:edit_data,Edit Data,Редактировать данные
indicator:edit_metadata,Edit Metadata,Редактировать метаданные
indicator:footnote,Footnote,Сноска
indicator:geographical_area,Geographical Area,Географический район
indicator:global_metadata,Global Metadata,Глобальные метаданные
indicator:global_metadata_blurb,"This table provides information on metadata for SDG indicators as defined by the UN Statistical Commission. <a href=""https://unstats.un.org/sdgs/metadata/"">Complete global metadata</a> is provided by the UN Statistics Division.","В этой таблице представлена информация для метаданных показателей ЦУР, определенных Статистической комиссией ООН. Полные глобальные метаданные представлены Статистическим отделом ООН."
indicator:legend_help,Click on the legend to remove individual lines from the chart.,"Нажмите на легенду, чтобы убрать линии из графика."
indicator:loading_map,Loading map,Загрузка карты
indicator:map,Map,Карта
indicator:national_metadata,National Metadata,Национальные метаданные
indicator:national_metadata_blurb,"This table provides metadata for the actual indicator available from %country_name statistics closest to the corresponding global SDG indicator. Please note that even when the global SDG indicator is fully available from %country_adjective statistics, this table should be consulted for information on national methodology and other %country_adjective-specific metadata information.","В этой таблице представлены метаданные для фактического показателя, доступного из статистики ближайшей к соответствующему глобальному индикатору ЦУР. Обратите внимание, что даже если глобальный индикатор ЦУР полностью доступен из статистики, по этой таблице следует проконсультироваться для получения информации о национальной методологии и других специфичных метаданных."
indicator:no_data_hint,No options available because of filters above,Нет имеющихся вариантов из-за фильтров наверху.
indicator:select_all,Select all,Выделить всё
indicator:series_help,Choose categories from the dropdowns below to see different breakdowns of the data. Some will not be available until a higher level is chosen.,"Выберите категории из выпадающего меню внизу, чтобы увидеть разные разбивки данных. Несколько не будет доступно, пока более высокий уровень не выбран. "
indicator:source,Source,Источник
indicator:sources,Sources,Источники
indicator:sub_categories,Sub-categories,Субкатегории
indicator:table,Table,Таблица
indicator:unit_of_measurement,Unit of Measurement,Единица измерения
indicator:units_type,Units type,Вид единиц
indicator:variable_hint,Available when '%field' is selected,"Доступно, когда выбрано"
indicator:view_indicator_list,View this goal's indicator list,Посмотреть список индикаторов этой цели
frontpage:heading,[테스트 중입니다] 한국의 SDGs 지표,%name данные для целей в области устойчивого развития
frontpage:instructions,"지표별 상세 데이터를 확인하시려면, 아래 아이콘을 클릭하거나 %before_link 검색창 %after_link 을 이용하시기 바랍니다.","Нажмите на каждую цель, или %before_link поищите %after_link статистики для глобальных показателей целей в области устойчивого развития."
