key,en,de
global_targets:1-1---title,2030년까지 1일 생계비 1.25 달러 미만으로 살고 있는 모든 인구를 모든 곳에서 종식,"Bis 2030 die extreme Armut - gegenwärtig definiert als der Anteil der Menschen, die mit weniger als 1,25 Dollar pro Tag auskommen müssen - für alle Menschen überall auf der Welt beseitigen"
global_targets:1-2---title,"각 국가 빈곤정의에 따라 2030년까지 모든 측면에서 빈곤 속에 사는 모든 연령층의 남성, 여성, 그리고 아동 비율을 최소 절반으로 감소","Bis 2030 den Anteil der Männer, Frauen und Kinder jeden Alters, die in Armut in all ihren Dimensionen nach der jeweiligen nationalen Definition leben, mindestens um die Hälfte senken"
global_targets:1-3---title,"사회안전망을 포함하여 모두를 위해 국가별로 적합한 사회적 보호체제 및 조치를 이행하고, 2030년까지 빈곤층과 취약계층에 대한 실질적 보장을 달성","Den nationalen Gegebenheiten entsprechende Sozialschutzsysteme und -maßnahmen für alle umsetzen, einschließlich eines Basisschutzes, und bis 2030 eine breite Versorgung der Armen und Schwachen erreichen"
global_targets:1-4---title,"2030년까지 모든 남성과 여성, 특히 빈곤층과 취약계층이 경제적 자원과  기본 서비스, 토지와 기타 형태의 재산에 대한 소유와 통제, 상속, 천연자원, 적정 신기술 및 소액금융을 포함한 금융서비스에 공평하게 접근할 수 있는 권리 보장","Bis 2030 sicherstellen, dass alle Männer und Frauen, insbesondere die Armen und Schwachen, die gleichen Rechte auf wirtschaftliche Ressourcen sowie Zugang zu grundlegenden Diensten, Grundeigentum und Verfügungsgewalt über Grund und Boden und sonstigen Vermögensformen, Erbschaften, natürlichen Ressourcen, geeigneten neuen Technologien und Finanzdienstleistungen einschließlich Mikrofinanzierung haben"
global_targets:1-5---title,"2030년까지 빈곤층과 취약계층의 회복력을 키우고,  기후 관련 극한 상황 혹은 기타 경제적, 사회적, 환경적인 충격과 재난에 대한 노출 및 취약성을 감소","Bis 2030 die Widerstandsfähigkeit der Armen und der Menschen in prekären Situationen erhöhen und ihre Exposition und Anfälligkeit gegenüber klimabedingten Extremereignissen und anderen wirtschaftlichen, sozialen und ökologischen Schocks und Katastrophen verringern"
global_targets:1-a---title,"개도국 특히, 최빈국이 모든 차원의 빈곤 퇴치 프로그램과 정책 제공을 위해  증강된 개발협력 을 포함하여 다양한 재원 동원 보장","Eine erhebliche Mobilisierung von Ressourcen aus einer Vielzahl von Quellen gewährleisten, einschließlich durch verbesserte Entwicklungszusammenarbeit, um den Entwicklungsländern und insbesondere den am wenigsten entwickelten Ländern ausreichende und berechenbare Mittel für die Umsetzung von Programmen und Politiken zur Beendigung der Armut in all ihren Dimensionen bereitzustellen"
global_targets:1-b---title,"빈곤퇴치 활동에 대한 투자를 촉진하기 위해 빈곤층 친화적이고 성 인지적 재발전략을 기초로 한 국가, 지역, 글로벌 차원의 탄탄한 정책 프레임워크 수립","Auf nationaler, regionaler und internationaler Ebene solide politische Rahmen auf der Grundlage armutsorientierter und geschlechtersensibler Entwicklungsstrategien schaffen, um beschleunigte Investitionen in Maßnahmen zur Beseitigung der Armut zu unterstützen"
global_targets:10-1---title,2030년까지 소득하위 40%의 소득성장률을 점진적으로 국가평균보다 높게 달성 및 유지,Bis 2030 nach und nach ein über dem nationalen Durchschnitt liegendes Einkommenswachstum der ärmsten 40 Prozent der Bevölkerung erreichen und aufrechterhalten
global_targets:10-2---title,"2030년까지 연령, 성, 장애, 인종, 종교, 기타 사회경제적 지위를 막론하고 사회, 경제, 정치적 참여 권한 확대 및 촉진","Bis 2030 alle Menschen unabhängig von Alter, Geschlecht, Behinderung, Rasse, Ethnizität, Herkunft, Religion oder wirtschaftlichem oder sonstigem Status zu Selbstbestimmung befähigen und ihre soziale, wirtschaftliche und politische Inklusion fördern"
global_targets:10-3---title,"차별적인 법, 정책 및 관행 등을 철폐하여 동등한 기회를 보장하고 소득 불평등 감소","Chancengleichheit gewährleisten und Ungleichheit der Ergebnisse reduzieren, namentlich durch die Abschaffung diskriminierender Gesetze, Politiken und Praktiken und die Förderung geeigneter gesetzgeberischer, politischer und sonstiger Maßnahmen in dieser Hinsicht"
global_targets:10-4---title,"재정정책, 임금정책, 사회보장정책 등을 채택하고 점진적으로 더 나은 평등을 달성","Politische Maßnahmen beschließen, insbesondere fiskalische, lohnpolitische und den Sozialschutz betreffende Maßnahmen, und schrittweise größere Gleichheit erzielen"
global_targets:10-5---title,글로벌 금융시장 및 기관의 규제 및 모니터링 개선 및 이행조치 강화,Die Regulierung und Überwachung der globalen Finanzmärkte und -institutionen verbessern und die Anwendung der einschlägigen Vorschriften verstärken
global_targets:10-6---title,글로벌 국제경제 및 금융기관의 의사결정과정에서 개발도상국가의 입장이 반영되도록 강화,"Eine bessere Vertretung und verstärkte Mitsprache der Entwicklungsländer bei der Entscheidungsfindung in den globalen internationalen Wirtschafts- und Finanzinstitutionen sicherstellen, um die Wirksamkeit, Glaubwürdigkeit, Rechenschaftslegung und Legitimation dieser Institutionen zu erhöhen"
global_targets:10-7---title,"안전하고, 정기적이고, 책임 있는 인구의 이주 및 이동이 가능토록하고 잘 관리된 이민정책 수립 및 이행","Eine geordnete, sichere, reguläre und verantwortungsvolle Migration und Mobilität von Menschen erleichtern, unter anderem durch die Anwendung einer planvollen und gut gesteuerten Migrationspolitik"
global_targets:10-a---title,"WTO협약에 따른 개발도상국(특히, 최빈개도국) 특별대우 규정 이행","Den Grundsatz der besonderen und differenzierten Behandlung der Entwicklungsländer, insbesondere der am wenigsten entwickelten Länder, im Einklang mit den Übereinkünften der Welthandelsorganisation anwenden"
global_targets:10-b---title,"도움이 필요한 국가에(최빈개도국, 아프리카 국가, 군서도서개발국) ODA, 재원 지원, 직접투자 권장","Öffentliche Entwicklungshilfe und Finanzströme einschließlich ausländischer Direktinvestitionen in die Staaten fördern, in denen der Bedarf am größten ist, insbesondere in die am wenigsten entwickelten Länder, die afrikanischen Länder, die kleinen Inselentwicklungsländer und die Binnenentwicklungsländer, im Einklang mit ihren jeweiligen nationalen Plänen und Programmen"
global_targets:10-c---title,2030년까지 이민자송금 수수료 3% 이하로 감소 및 5%를 초과하는 송금 장벽 제거,Bis 2030 die Transaktionskosten für Heimatüberweisungen von Migranten auf weniger als 3 Prozent senken und Überweisungskorridore mit Kosten von über 5 Prozent beseitigen
global_targets:11-1---title,2030년까지 모두에게 충분하고 안전 및 저렴한 주택 및 기본서비스 제공 그리고 빈민가 개선,"Bis 2030 den Zugang zu angemessenem, sicherem und bezahlbarem Wohnraum und zur Grundversorgung für alle sicherstellen und Slums sanieren"
global_targets:11-2---title,"2030년까지 모두에게(특히, 취약계층, 여성, 아동, 노인, 장애인) 안전 및 저렴하고 지속가능한 공공 교통시스템 제공","Bis 2030 den Zugang zu sicheren, bezahlbaren, zugänglichen und nachhaltigen Verkehrssystemen für alle ermöglichen und die Sicherheit im Straßenverkehr verbessern, insbesondere durch den Ausbau des öffentlichen Verkehrs, mit besonderem Augenmerk auf den Bedürfnissen von Menschen in prekären Situationen, Frauen, Kindern, Menschen mit Behinderungen und älteren Menschen"
global_targets:11-3---title,"2030년까지 포괄적이고 지속가능한 도시화와, 참여, 통합 및 지속가능한 거주지 계획 및 관리 역량 강화","Bis 2030 die Verstädterung inklusiver und nachhaltiger gestalten und die Kapazitäten für eine partizipatorische, integrierte und nachhaltige Siedlungsplanung und -steuerung in allen Ländern verstärken"
global_targets:11-4---title,세계문화 및 자연유산 보호 노력 강화,Die Anstrengungen zum Schutz und zur Wahrung des Weltkultur- und -naturerbes verstärken
global_targets:11-5---title,"2030년까지, 빈곤층과 취약계층 보호에 초점을 맞추어, 수해 등 재난으로 인한 사망자 및 피해자수를 대폭 줄이고 세계 총 GDP대비 직접적인 경제적 손실을 대폭 감소","Bis 2030 die Zahl der durch Katastrophen, einschließlich Wasserkatastrophen, bedingten Todesfälle und der davon betroffenen Menschen deutlich reduzieren und die dadurch verursachten unmittelbaren wirtschaftlichen Verluste im Verhältnis zum globalen Bruttoinlandsprodukt wesentlich verringern, mit Schwerpunkt auf dem Schutz der Armen und von Menschen in prekären Situationen"
global_targets:11-6---title,"대기의 질과 지자체 등의 폐기물 특별 관리를 포함하여, 2030년까지 도시화로 인한 부정적인 환경영향(인구 1인당)을 감소","Bis 2030 die von den Städten ausgehende Umweltbelastung pro Kopf senken, unter anderem mit besonderer Aufmerksamkeit auf der Luftqualität und der kommunalen und sonstigen Abfallbehandlung"
global_targets:11-7---title,"2030년까지 포괄적이고 안전하며 보편적으로 접근 가능한 녹색 및 공공장소 제공 (특히, 여성, 아동, 노인, 장애인)","Bis 2030 den allgemeinen Zugang zu sicheren, inklusiven und zugänglichen Grünflächen und öffentlichen Räumen gewährleisten, insbesondere für Frauen und Kinder, ältere Menschen und Menschen mit Behinderungen"
global_targets:11-a---title,"국가 및 지역개발계획을 강화하여 도시, 근교도시 그리고 농촌간의 긍정적인 경제, 사회 및 환경적 연결고리를 지원","Durch eine verstärkte nationale und regionale Entwicklungsplanung positive wirtschaftliche, soziale und ökologische Verbindungen zwischen städtischen, stadtnahen und ländlichen Gebieten unterstützen"
global_targets:11-b---title,"2020년까지 포용, 자원 효율, 기후 변화에 대한 완화와 적응, 재난에 대한 회복력을 위한 통합 정책 및 계획을 채택, 시행하는 도시와 거주지의 수를 대폭 확대하고, 2015-2030년 재난위험감소를 위한 센다이 프레임워크에 맞추어 모든 수준에서의 통합적인 재난위기관리를 구축하고 시행함","Bis 2020 die Zahl der Städte und Siedlungen, die integrierte Politiken und Pläne zur Förderung der Inklusion, der Ressourceneffizienz, der Abschwächung des Klimawandels, der Klimaanpassung und der Widerstandsfähigkeit gegenüber Katastrophen beschließen und umsetzen, wesentlich erhöhen und gemäß dem Sendai-Rahmen für Katastrophenvorsorge 2015-2030 ein ganzheitliches Katastrophenrisikomanagement auf allen Ebenen entwickeln und umsetzen"
global_targets:11-c---title,최빈개도국이 지역 건설자재를 사용하여 지속가능하고 탄력적인 건물을 만들 수 있도록 재원 및 기술적 지원을 비롯한 다양한 지원,Die am wenigsten entwickelten Länder unter anderem durch finanzielle und technische Hilfe beim Bau nachhaltiger und widerstandsfähiger Gebäude unter Nutzung einheimischer Materialien unterstützen
global_targets:12-1---title,"선진국 주도하에, 개발도상국들의 역량과 발전을 고려하여, 지속가능한 소비 및 생산에 대한 10년 주기 프로그램 이행","Den Zehnjahres-Programmrahmen für nachhaltige Konsum- und Produktionsmuster umsetzen, wobei alle Länder, an der Spitze die entwickelten Länder, Maßnahmen ergreifen, unter Berücksichtigung des Entwicklungsstands und der Kapazitäten der Entwicklungsländer"
global_targets:12-2---title,2030년까지 천연자원의 효율적인 사용 및 지속가능한 관리 달성,Bis 2030 die nachhaltige Bewirtschaftung und effiziente Nutzung der natürlichen Ressourcen erreichen
global_targets:12-3---title,2030년까지 소매 및 소비자 수준에서 1인당 식품폐기물을 1/2로 감소하고 식품 생산 및 유통과정에서 발생하는 식품 손실량 감소,Bis 2030 die weltweite Nahrungsmittelverschwendung pro Kopf auf Einzelhandels und Verbraucherebene halbieren und die entlang der Produktions- und Lieferkette entstehenden Nahrungsmittelverluste einschließlich Nachernteverlusten verringern
global_targets:12-4---title,"2020년까지, 합의된 국제 프레임워크에 따라 화학물질 및 모든 폐기물에 대해 수명 주기 동안 친환경적인 관리를 달성하고, 이들이 인체 건강 및 환경에 끼치는 부정적 영향을 최소화하기 위해, 공기, 물, 토양으로의 배출을 크게 감소","Bis 2020 einen umweltverträglichen Umgang mit Chemikalien und allen Abfällen während ihres gesamten Lebenszyklus in Übereinstimmung mit den vereinbarten internationalen Rahmenregelungen erreichen und ihre Freisetzung in Luft, Wasser und Boden erheblich verringern, um ihre nachteiligen Auswirkungen auf die menschliche Gesundheit und die Umwelt auf ein Mindestmaß zu beschränken"
global_targets:12-5---title,"2030년까지 방지, 감축, 재생 및 재사용을 통하여 폐기물 발생 감소","Bis 2030 das Abfallaufkommen durch Vermeidung, Verminderung, Wiederverwertung und Wiederverwendung deutlich verringern"
global_targets:12-6---title,"기업들이(특히, 대기업 및 다국적기업) 보고체계에 지속가능성 관련 정보를 반영토록하고 지속가능한 기업 활동을 이행하도록 권고","Die Unternehmen, insbesondere große und transnationale Unternehmen, dazu ermutigen, nachhaltige Verfahren einzuführen und in ihre Berichterstattung Nachhaltigkeitsinformationen aufzunehmen"
global_targets:12-7---title,국가정책 및 우선순위에 따라 지속가능한 공공조달 관행 촉진,"In der öffentlichen Beschaffung nachhaltige Verfahren fördern, im Einklang mit den nationalen Politiken und Prioritäten"
global_targets:12-8---title,2030년까지 모든 곳에서의 사람들이 지속가능발전과 자연과 조화로운 라이프스타일에 대한 의식 및 정보를 가질 수 있게 보장,"Bis 2030 sicherstellen, dass die Menschen überall über einschlägige Informationen und das Bewusstsein für nachhaltige Entwicklung und eine Lebensweise in Harmonie mit der Natur verfügen"
global_targets:12-a---title,개발도상국이 지속가능한 소비 및 생산 방향으로 전환할 수 있게 과학기술 역량 강화 지원,Die Entwicklungsländer bei der Stärkung ihrer wissenschaftlichen und technologischen Kapazitäten im Hinblick auf den Übergang zu nachhaltigeren Konsum- und Produktionsmustern unterstützen
global_targets:12-b---title,일자리 창출 및 지역 문화 및 상품을 홍보하는 관광업의 지속가능발전 영향을 모니터링 하는 도구 개발 및 이행,"Instrumente zur Beobachtung der Auswirkungen eines nachhaltigen Tourismus, der Arbeitsplätze schafft und die lokale Kultur und lokale Produkte fördert, auf die nachhaltige Entwicklung entwickeln und anwenden"
global_targets:12-c---title,"조세구조 조정 및 유해 보조금의 단계적 폐지를 통한 시장왜곡 요인 제거를 포함하여 에너지낭비를 부추기는 비효율적인 화석 연료 보조금의 합리화 이행 (이때, 개발도상국의 특수한 상황과 수요를 충분히 고려하고 취약계층을 보호를 통해 개도국의 발전에 대한 악영향을 최소화함)","Die ineffiziente Subventionierung fossiler Brennstoffe, die zu verschwenderischem Verbrauch verleitet, durch Beseitigung von Marktverzerrungen entsprechend den nationalen Gegebenheiten rationalisieren, unter anderem durch eine Umstrukturierung der Besteuerung und die allmähliche Abschaffung dieser schädlichen Subventionen, um ihren Umweltauswirkungen Rechnung zu tragen, wobei die besonderen Bedürfnisse und Gegebenheiten der Entwicklungsländer in vollem Umfang berücksichtigt und die möglichen nachteiligen Auswirkungen auf ihre Entwicklung in einer die Armen und die betroffenen Gemeinwesen schützenden Weise so gering wie möglich gehalten werden"
global_targets:13-1---title,기후관련 위험요소와 자연재해에 대한 적응역량 및 탄력성 강화,Die Widerstandskraft und die Anpassungsfähigkeit gegenüber klimabedingten Gefahren und Naturkatastrophen in allen Ländern stärken
global_targets:13-2---title,"국가정책, 전략 및 계획에 기후변화 조치 통합","Klimaschutzmaßnahmen in die nationalen Politiken, Strategien und Planungen einbeziehen"
global_targets:13-3---title,"기후 변화 완화, 적응, 영향 감소, 조기 경보에 대한 교육, 인식 고취, 인구 및 제도 역량 개선","Die Aufklärung und Sensibilisierung sowie die personellen und institutionellen Kapazitäten im Bereich der Abschwächung des Klimawandels, der Klimaanpassung, der Reduzierung der Klimaauswirkungen sowie der Frühwarnung verbessern"
global_targets:13-a---title,개발도상 국가들의 기후변화 완화 활동의 이행 및 녹색기후펀드의 완전한 운영을 위해 유엔기후변화협약 상의 선진국들의 공약인 연간 $1000억 동원 즉각 이행,"Die Verpflichtung erfüllen, die von den Vertragsparteien des Rahmenübereinkommens der Vereinten Nationen über Klimaänderungen, die entwickelte Länder sind, übernommen wurde, bis 2020 gemeinsam jährlich 100 Milliarden Dollar aus allen Quellen aufzubringen, um den Bedürfnissen der Entwicklungsländer im Kontext sinnvoller Klimaschutzmaßnahmen und einer transparenten Umsetzung zu entsprechen, und den Grünen Klimafonds vollständig zu operationalisieren, indem er schnellstmöglich mit den erforderlichen Finanzmitteln ausgestattet wird"
global_targets:13-b---title,"최빈개도국의 효과적인 기후변화 관련 계획 및 관리 역량 제고 메카니즘 촉진(취약계층, 여성, 청소년 및 소외집단 포함)","Mechanismen zum Ausbau effektiver Planungs- und Managementkapazitäten im Bereich des Klimawandels in den am wenigsten entwickelten Ländern und kleinen Inselentwicklungsländern fördern, unter anderem mit gezielter Ausrichtung auf Frauen, junge Menschen sowie lokale und marginalisierte Gemeinwesen"
global_targets:14-1---title,"2025년까지 해양 폐기물과 영양분 오염을 포함하여, 모든 형태의 해양 오염 방지 및 감소","Bis 2025 alle Arten der Meeresverschmutzung, insbesondere durch vom Lande ausgehende Tätigkeiten und namentlich Meeresmüll und Nährstoffbelastung, verhüten und erheblich verringern"
global_targets:14-2---title,2020년까지 회복력 및 복원활동을 강화하여 해양 및 연안 생태계를 지속 가능하게 관리하고 보호  조치 실행,"Bis 2020 die Meeres- und Küstenökosysteme nachhaltig bewirtschaften und schützen, um unter anderem durch Stärkung ihrer Resilienz erhebliche nachteilige Auswirkungen zu vermeiden, und Maßnahmen zu ihrer Wiederherstellung ergreifen, damit die Meere wieder gesund und produktiv werden"
global_targets:14-3---title,모든 수준에서의 과학협력을 포함하여 해양 산성화 최소화 및 그 영향에 대응,"Die Versauerung der Ozeane auf ein Mindestmaß reduzieren und ihre Auswirkungen bekämpfen, unter anderem durch eine verstärkte wissenschaftliche Zusammenarbeit auf allen Ebenen"
global_targets:14-4---title,"2020년까지 효과적인 어업 규제, 불법·비보고·비규제 어업, 남획, 파괴적인 어업 방법 금지; 최단시간에 어획량을 복원하기 위한 과학적 관리계획 이행","Bis 2020 die Fangtätigkeit wirksam regeln und die Überfischung, die illegale, ungemeldete und unregulierte Fischerei und zerstörerische Fangpraktiken beenden und wissenschaftlich fundierte Bewirtschaftungspläne umsetzen, um die Fischbestände in kürzestmöglicher Zeit mindestens auf einen Stand zurückzuführen, der den höchstmöglichen Dauerertrag unter Berücksichtigung ihrer biologischen Merkmale sichert"
global_targets:14-5---title,2020년까지 가용한 과학적 정보 및 국가법·국제법과 일관되게 최소 연안 및 해양지역의 10% 보호,Bis 2020 mindestens 10 Prozent der Küsten- und Meeresgebiete im Einklang mit dem nationalen Recht und dem Völkerrecht und auf der Grundlage der besten verfügbaren wissenschaftlichen Informationen erhalten
global_targets:14-6---title,"WTO 어업보조금 협상에 개발도상국 및 최빈개도국에 대한 효과적인 특별대우가 중요함을 인정하고 2020년까지 생산과잉 및 남획, 불법·비보고·비규제 어업에 기여하는 특정형태의 어업 보조금 금지 그리고 이와 유사한 신규 보조금 도입 자제","Bis 2020 bestimmte Formen der Fischereisubventionen untersagen, die zu Überkapazitäten und Überfischung beitragen, Subventionen abschaffen, die zu illegaler, ungemeldeter und unregulierter Fischerei beitragen, und keine neuen derartigen Subventionen einführen, in Anerkennung dessen, dass eine geeignete und wirksame besondere und differenzierte Behandlung der Entwicklungsländer und der am wenigsten entwickelten Länder einen untrennbaren Bestandteil der im Rahmen der Welthandelsorganisation geführten Verhandlungen über Fischereisubventionen bilden sollte"
global_targets:14-7---title,2030년까지 해양자원의 지속가능한 사용 및 관리를 통하여 최빈개도국 및 군서도서 개발국의 경제적 이익 증가,"Bis 2030 die sich aus der nachhaltigen Nutzung der Meeresressourcen ergebenden wirtschaftlichen Vorteile für die kleinen Inselentwicklungsländer und die am wenigsten entwickelten Länder erhöhen, namentlich durch nachhaltiges Management der Fischerei, der Aquakultur und des Tourismus"
global_targets:14-a---title,"해양건강 개선 및 해양 다양성 강화를 통해 개발도상국가, 특히 군소도서 개발국과 최빈개도국들의 개발에 기여하도록 연구역량 증대 및 과학지식, 선진해양기술 이전(정부간해양학위원회의 해양기술이전에 대한 기준과 지침을 고려)","Die wissenschaftlichen Kenntnisse vertiefen, die Forschungskapazitäten ausbauen und Meerestechnologien weitergeben, unter Berücksichtigung der Kriterien und Leitlinien der Zwischenstaatlichen Ozeanographischen Kommission für die Weitergabe von Meerestechnologie, um die Gesundheit der Ozeane zu verbessern und den Beitrag der biologischen Vielfalt der Meere zur Entwicklung der Entwicklungsländer, insbesondere der kleinen Inselentwicklungsländer und der am wenigsten entwickelten Länder, zu verstärken"
global_targets:14-b---title,소규모 영세어업자들에 해양자원 및 시장 접근성 제공,Den Zugang der handwerklichen Kleinfischer zu den Meeresressourcen und Märkten gewährleisten
global_targets:14-c---title,우리가 원하는 미래 (The Future We Want) 보고서의 158번째 단락에서 상기된 대양 및 대양자원의 보전 및 지속가능한 이용을 위한 법적기반을 제시하는 UNCLOS에 반영된 국제법 이행을 통해 대양 및 대양 자원의 보전 및 지속가능한 이용을 개선,"Die Erhaltung und nachhaltige Nutzung der Ozeane und ihrer Ressourcen verbessern und zu diesem Zweck das Völkerrecht umsetzen, wie es im Seerechtsübereinkommen der Vereinten Nationen niedergelegt ist, das den rechtlichen Rahmen für die Erhaltung und nachhaltige Nutzung der Ozeane und ihrer Ressourcen vorgibt, worauf in Ziffer 158 des Dokuments Die Zukunft, die wir wollen hingewiesen wird"
global_targets:15-1---title,"2020년까지, 국제 협약 의무에 따라, 특히 산림, 습지, 산, 건조지 등의 육지 및 내륙 담수 생태계와 그 서비스에 대한 보전, 복원 및 지속가능한 사용을 보장","Bis 2020 im Einklang mit den Verpflichtungen aus internationalen Übereinkünften die Erhaltung, Wiederherstellung und nachhaltige Nutzung der Land- und Binnensüßwasser- Ökosysteme und ihrer Dienstleistungen, insbesondere der Wälder, der Feuchtgebiete, der Berge und der Trockengebiete, gewährleisten"
global_targets:15-2---title,"2020년까지 모든 형태의 산림에 대한 지속가능한 관리를 촉진시키고, 산림벌채를 중단하고, 황폐화된 산림을 복원하고 전 세계적으로 조림과 재식림을 대폭 확대","Bis 2020 die nachhaltige Bewirtschaftung aller Waldarten fördern, die Entwaldung beenden, geschädigte Wälder wiederherstellen und die Aufforstung und Wiederaufforstung weltweit beträchtlich erhöhen"
global_targets:15-3---title,"2030년까지 사막화 퇴치와 사막화, 가뭄, 홍수로 영향을 받은 토지를 포함하여, 황폐화된 토지 및 토양 복원, 그리고 토지 황폐화 가 없는 세계 달성을 위해 노력","Bis 2030 die Wüstenbildung bekämpfen, die geschädigten Flächen und Böden einschließlich der von Wüstenbildung, Dürre und Überschwemmungen betroffenen Flächen sanieren und eine Welt anstreben, in der die Landverödung neutralisiert wird"
global_targets:15-4---title,"2030년까지 지속가능발전에 필수적인 이익을 주는 산림생태계의 수용력을 증진하기 위해, 생물다양성을 포함한 산림 생태계 보존을 보장","Bis 2030 die Erhaltung der Bergökosysteme einschließlich ihrer biologischen Vielfalt sicherstellen, um ihre Fähigkeit zur Erbringung wesentlichen Nutzens für die nachhaltige Entwicklung zu stärken"
global_targets:15-5---title,자연 서식지의 황폐화를 감소시키고 생물다양성의 손실을 중단시키기 위해 시급하고 대대적인 조치를 취하고 2020년까지 멸종위기 종을 보호하고  멸종을 예방,"Umgehende und bedeutende Maßnahmen ergreifen, um die Verschlechterung der natürlichen Lebensräume zu verringern, dem Verlust der biologischen Vielfalt ein Ende zu setzen und bis 2020 die bedrohten Arten zu schützen und ihr Aussterben zu verhindern"
global_targets:15-6---title,"국제적으로 합의된 바와 같이, 유전자원의 활용으로부터 발생하는 이익의 공정하고 공평한 분배 보장 및 유전자원에 대한 적절한 접근 증대","Die ausgewogene und gerechte Aufteilung der sich aus der Nutzung der genetischen Ressourcen ergebenden Vorteile und den angemessenen Zugang zu diesen Ressourcen fördern, wie auf internationaler Ebene vereinbart"
global_targets:15-7---title,"보호동식물의 밀렵과 밀매 근절을 위한 즉각적인 행동을 촉구하고, 불법야생동식물제품의 수요와 공급에 대응","Dringend Maßnahmen ergreifen, um der Wilderei und dem Handel mit geschützten Pflanzen- und Tierarten ein Ende zu setzen und dem Problem des Angebots illegaler Produkte aus wildlebenden Pflanzen und Tieren und der Nachfrage danach zu begegnen"
global_targets:15-8---title,"2020년까지 육상 및 수중 생태계를 교란하는 외래종의 유입을 방지하고, 그로 인한 영향을 현저히 감소시키는 방안을 도입하며, 우선대응 및 대상종을 통제 및 박멸","Bis 2020 Maßnahmen einführen, um das Einbringen invasiver gebietsfremder Arten zu verhindern, ihre Auswirkungen auf die Land- und Wasserökosysteme deutlich zu reduzieren und die prioritären Arten zu kontrollieren oder zu beseitigen"
global_targets:15-9---title,2020년까지 생태계 및 생물다양성 가치를 국가 및 지역 계획․개발 과정 그리고 빈곤퇴치 전략 및 회계에 반영,"Bis 2020 Ökosystem- und Biodiversitätswerte in die nationalen und lokalen Planungen, Entwicklungsprozesse, Armutsbekämpfungsstrategien und Gesamtrechnungssysteme einbeziehen"
global_targets:15-a---title,생물다양성 및 생태계 보호 및 지속가능한 사용을 위한 재원 동원,Finanzielle Mittel aus allen Quellen für die Erhaltung und nachhaltige Nutzung der biologischen Vielfalt und der Ökosysteme aufbringen und deutlich erhöhen
global_targets:15-b---title,지속가능한 삼림관리에 대한 재원 마련을 위해 모든 수준에서 주요한 자원을 모두 동원하고 개발도사국이 보존 및 재식림 등을 위한 삼림 관리를 즈진할 수 있도록 충분한 인센티브를 제공,"Erhebliche Mittel aus allen Quellen und auf allen Ebenen für die Finanzierung einer nachhaltigen Bewirtschaftung der Wälder aufbringen und den Entwicklungsländern geeignete Anreize für den vermehrten Einsatz dieser Bewirtschaftungsform bieten, namentlich zum Zweck der Walderhaltung und Wiederaufforstung"
global_targets:15-c---title,지속가능한 생계수단의 추구를 위한 지역사회의 역량 제고를 포함하여 멸종위기종의 밀렵 및 밀매 활동 근절을 위한 글로벌 차원의 노력 강화,"Die weltweite Unterstützung von Maßnahmen zur Bekämpfung der Wilderei und des Handels mit geschützten Arten verstärken, unter anderem durch die Stärkung der Fähigkeit lokaler Gemeinwesen, Möglichkeiten einer nachhaltigen Existenzsicherung zu nutzen"
global_targets:16-1---title,모든 지역에서 일어나는 모든 형태의 폭력과 관련 사망률을 상당 수준으로 감소,Alle Formen der Gewalt und die gewaltbedingte Sterblichkeit überall deutlich verringern
global_targets:16-10---title,국내법 및 국제조약에 따라 정보에 대한 대중의 접근성을 보장하고 기본적인 자유를  보호,"Den öffentlichen Zugang zu Informationen gewährleisten und die Grundfreiheiten schützen, im Einklang mit den nationalen Rechtsvorschriften und völkerrechtlichen Übereinkünften"
global_targets:16-2---title,"아동에 대한 학대, 착취, 인신매매 및 모든 형태의 폭력과 고문 종식","Missbrauch und Ausbeutung von Kindern, den Kinderhandel, Folter und alle Formen von Gewalt gegen Kinder beenden"
global_targets:16-3---title,"국가적 및 국제적 수준에서 법치를 증진하며, 모두에게 평등한 사법 접근권을 보장",Die Rechtsstaatlichkeit auf nationaler und internationaler Ebene fördern und den gleichberechtigten Zugang aller zur Justiz gewährleisten
global_targets:16-4---title,"2030년까지 불법 자금 및 무기 거래를 상당 수준으로 감소, 은닉재산 회수 및 환수를 강화하며, 모든 형태의 조직화된 범죄를 방지","Bis 2030 illegale Finanz- und Waffenströme deutlich verringern, die Wiedererlangung und Rückgabe gestohlener Vermögenswerte verstärken und alle Formen der organisierten Kriminalität bekämpfen"
global_targets:16-5---title,모든 형태의 부정부패 및 뇌물을 대폭 감소,Korruption und Bestechung in allen ihren Formen erheblich reduzieren
global_targets:16-6---title,"모든 수준에서 효과적이고, 책임 있고, 투명한 제도 개발","Leistungsfähige, rechenschaftspflichtige und transparente Institutionen auf allen Ebenen aufbauen"
global_targets:16-7---title,"모든 수준에서 의사결정이 대응적, 포용적, 참여적이며 대표성을 갖출 수 있도록 보장","Dafür sorgen, dass die Entscheidungsfindung auf allen Ebenen bedarfsorientiert, inklusiv, partizipatorisch und repräsentativ ist"
global_targets:16-8---title,글로벌 거버넌스 제도 하에서 개발도상국의 참여를 확대하고 강화,Die Teilhabe der Entwicklungsländer an den globalen Lenkungsinstitutionen erweitern und verstärken
global_targets:16-9---title,2030년까지 출생등록을 포함하여 모두에게 법적신원 제공,"Bis 2030 insbesondere durch die Registrierung der Geburten dafür sorgen, dass alle Menschen eine rechtliche Identität haben"
global_targets:16-a---title,"폭력예방 및 테러, 범죄 예방 차원에서  모든 수준, 특히 개도국에서 역량강화를 위해 국제협력 등을 포함하여 관련된 국내 제도 강화","Die zuständigen nationalen Institutionen namentlich durch internationale Zusammenarbeit beim Kapazitätsaufbau auf allen Ebenen zur Verhütung von Gewalt und zur Bekämpfung von Terrorismus und Kriminalität unterstützen, insbesondere in den Entwicklungsländern"
global_targets:16-b---title,지속가능발전을 위한 비차별적 법률과  정책의 증진 및 강화,Nichtdiskriminierende Rechtsvorschriften und Politiken zugunsten einer nachhaltigen Entwicklung fördern und durchsetzen
global_targets:17-1---title,조세 및 기타 수입 징수 국내역량 개선을 위해 국내재원 동원 강화 (개발도상국에 대한 국제지원 포함),"Die Mobilisierung einheimischer Ressourcen verstärken, einschließlich durch internationale Unterstützung für die Entwicklungsländer, um die nationalen Kapazitäten zur Erhebung von Steuern und anderen Abgaben zu verbessern"
global_targets:17-10---title,"도하개발의제 협상 타결을 통하여 세계무역기구(WTO)하에서의 보편적, 규칙기반, 개방적, 비차별적, 공평한 다자무역제도 촉진","Ein universales, regelgestütztes, offenes, nichtdiskriminierendes und gerechtes multilaterales Handelssystem unter dem Dach der Welthandelsorganisation fördern, insbesondere durch den Abschluss der Verhandlungen im Rahmen ihrer Entwicklungsagenda von Doha"
global_targets:17-11---title,2020년까지 전 세계 수출에서 최빈개도국의 비중을 2배 증대하는 것을 목표로 개발도상국의 수출을 대폭 증대,"Die Exporte der Entwicklungsländer deutlich erhöhen, insbesondere mit Blick darauf, den Anteil der am wenigsten entwickelten Länder an den weltweiten Exporten bis 2020 zu verdoppeln"
global_targets:17-12---title,최빈개도국 수입품에 대한 특혜 원산지규정 투명성 및 명료성을 포함하여 최빈개도국의 무관세 및 수량규제 없는 시장접근에 대한 WTO 결정을 시의성 있게 이행,"Die rasche Umsetzung des zoll- und kontingentfreien Marktzugangs auf dauerhafter Grundlage für alle am wenigsten entwickelten Länder im Einklang mit den Beschlüssen der Welthandelsorganisation erreichen, unter anderem indem sichergestellt wird, dass die für Importe aus den am wenigsten entwickelten Ländern geltenden präferenziellen Ursprungsregeln transparent und einfach sind und zur Erleichterung des Marktzugangs beitragen"
global_targets:17-13---title,정책일관성 및 조율을 통하여 글로벌거시경제 안전성 강화,"Die globale makroökonomische Stabilität verbessern, namentlich durch Politikkoordinierung und Politikkohärenz"
global_targets:17-14---title,지속가능발전을 위한 정책일관성 강화,Die Politikkohärenz zugunsten nachhaltiger Entwicklung verbessern
global_targets:17-15---title,빈곤퇴치아 지속가능발전을 위한 정책을 수립하고 이행하는데 있어 각국의 정책적 재량과 리더십 존중,Den politischen Spielraum und die Führungsrolle jedes Landes bei der Festlegung und Umsetzung von Politiken zur Armutsbeseitigung und für nachhaltige Entwicklung respektieren
global_targets:17-16---title,"모든 국가, 특히 개도국에서 SDGs 달성을 지원하기 위해, 지식·전문성·기술·재원을 동원 공유하는 다양한 이해당사자간 파트너십에 의해 보완되는 지속가능발전을 위한 글로벌 파트너십 강화","Die Globale Partnerschaft für nachhaltige Entwicklung ausbauen, ergänzt durch Multi-Akteur-Partnerschaften zur Mobilisierung und zum Austausch von Wissen, Fachkenntnissen, Technologie und finanziellen Ressourcen, um die Erreichung der Ziele für nachhaltige Entwicklung in allen Ländern und insbesondere in den Entwicklungsländern zu unterstützen"
global_targets:17-17---title,"파트너십의 경험과 재원조달 전략에 기초하여 효과저긴 공공, 민관, 시민사회  간 파트너십 권장 및 촉진","Die Bildung wirksamer öffentlicher, öffentlich-privater und zivilgesellschaftlicher Partnerschaften aufbauend auf den Erfahrungen und Mittelbeschaffungsstrategien bestehender Partnerschaften unterstützen und fördern"
global_targets:17-18---title,"2020년까지 고품질의, 시의성 있고 신뢰도 높은 데이터를 소득, 성, 인종, 민족, 이민·이주신분, 장애상태, 지리적 위치, 기타 국가별 상황에 맞는 특성별로 세분화하여 제공할 수 있도록 개발도상국의 역량 구축 지원 강화","Bis 2020 die Unterstützung des Kapazitätsaufbaus für die Entwicklungsländer und namentlich die am wenigsten entwickelten Länder und die kleinen Inselentwicklungsländer erhöhen, mit dem Ziel, über erheblich mehr hochwertige, aktuelle und verlässliche Daten zu verfügen, die nach Einkommen, Geschlecht, Alter, Rasse, Ethnizität, Migrationsstatus, Behinderung, geografischer Lage und sonstigen im nationalen Kontext relevanten Merkmalen aufgeschlüsselt sind"
global_targets:17-19---title,"2030년까지 GDP 보완을 위한 지속가능바전 성과 측정치 개발에 대한 현존 이니셔티브를 기반으로 이를 발전시키고, 개도국의 통계역량구축을 지원","Bis 2030 auf den bestehenden Initiativen aufbauen, um Fortschrittsmaße für nachhaltige Entwicklung zu erarbeiten, die das Bruttoinlandsprodukt ergänzen, und den Aufbau der statistischen Kapazitäten der Entwicklungsländer unterstützen"
global_targets:17-2---title,"선진국은 개도국에 GNI의 0.7%를, 최빈개도국에 GNI의 0.15-0.20%를 ODA로 제공하는 것을 포함한 ODA 공약달성을 완전히 이행해야 하고, ODA 제공 국가는 적어도 GNI의 0.20%를 최빈개도국에 제공하는 것을 목표로 고려할 것을 권장","Sicherstellen, dass die entwickelten Länder ihre Zusagen im Bereich der öffentlichen Entwicklungshilfe voll einhalten, einschließlich der von vielen entwickelten Ländern eingegangenen Verpflichtung, die Zielvorgabe von 0,7 Prozent ihres Bruttonationaleinkommens für öffentliche Entwicklungshilfe zugunsten der Entwicklungsländer und 0,15 bis 0,20 Prozent zugunsten der am wenigsten entwickelten Länder zu erreichen; den Gebern öffentlicher Entwicklungshilfe wird nahegelegt, die Bereitstellung von mindestens 0,20 Prozent ihres Bruttonationaleinkommens zugunsten der am wenigsten entwickelten Länder als Zielsetzung zu erwägen"
global_targets:17-3---title,개발도상국을 위해 다양한 출처로부터  추가적인 재원 동원,Zusätzliche finanzielle Mittel aus verschiedenen Quellen für die Entwicklungsländer mobilisieren
global_targets:17-4---title,"필요한 경우 부채조달, 부채탕감, 부채조정을 목표로 하는 정책조율을 통해 개발도상국이 장기적인 부채 상환능력을 갖출수있도록 지원; 고채무국의 채무부담을 완화하기 위해 외채문제에 대응","Den Entwicklungsländern dabei behilflich sein, durch eine koordinierte Politik zur Förderung der Schuldenfinanzierung, der Entschuldung beziehungsweise der Umschuldung die langfristige Tragfähigkeit der Verschuldung zu erreichen, und das Problem der Auslandsverschuldung hochverschuldeter armer Länder angehen, um die Überschuldung zu verringern"
global_targets:17-5---title,최빈개도국을 위한 투자촉진계획을 채택하고 이행,Investitionsförderungssysteme für die am wenigsten entwickelten Länder beschließen und umsetzen
global_targets:17-6---title,"과학, 기술, 혁신에 관한 북-남, 남-남, 삼각협력 등의 지역 및 국가 간 협력과 접근을 강화; 글로벌 기술촉진 메커니즘 활용 및 특히 UN 차원에서 마련된 기존 메커니즘 간의 조정을 개선하여 상호합의된 조건에 따른 지식공유 확대","Die regionale und internationale Nord-Süd- und Süd-Süd-Zusammenarbeit und Dreieckskooperation im Bereich Wissenschaft, Technologie und Innovation und den Zugang dazu verbessern und den Austausch von Wissen zu einvernehmlich festgelegten Bedingungen verstärken, unter anderem durch eine bessere Abstimmung zwischen den vorhandenen Mechanismen, insbesondere auf Ebene der Vereinten Nationen, und durch einen globalen Mechanismus zur Technologieförderung"
global_targets:17-7---title,"상호합의에 따라 양허, 특혜 등 유리한 조건으로 개발도상국에 환경적으로 안전한 기술의 개발, 이전, 전파 및 확산을 증진","Die Entwicklung, den Transfer, die Verbreitung und die Diffusion von umweltverträglichen Technologien an die Entwicklungsländer zu gegenseitig vereinbarten günstigen Bedingungen, einschließlich Konzessions- und Vorzugsbedingungen, fördern"
global_targets:17-8---title,2017년까지 최빈개도국을 위한 기술은행 및 과학기술혁신 역량구축 메카니즘 운영을 전면 가동하고 정보통신기술(ICT) 위주의 핵심기술 사용을 강화,"Die Technologiebank und den Mechanismus zum Kapazitätsaufbau für Wissenschaft, Technologie und Innovation für die am wenigsten entwickelten Länder bis 2017 vollständig operationalisieren und die Nutzung von Grundlagentechnologien, insbesondere der Informations- und Kommunikationstechnologien, verbessern"
global_targets:17-9---title,"북남, 남-남, 삼각협력을 통하여, SDGs를 효과적으로 달성하기 위한 국가계획을 지원할 개도국의 효과적, 선별적 역량구축 이행에 대한 국제적 지원을 강화","Die internationale Unterstützung für die Durchführung eines effektiven und gezielten Kapazitätsaufbaus in den Entwicklungsländern verstärken, um die nationalen Pläne zur Umsetzung aller Ziele für nachhaltige Entwicklung zu unterstützen, namentlich im Rahmen der Nord-Süd- und Süd-Süd-Zusammenarbeit und der Dreieckskooperation"
global_targets:2-1---title,"2030년까지 기아를 종식시키고 모든 사람, 특히 영·유아를 포함한 빈곤층 및 취약계층이 안전하고 영양가 있으며 충분한 식량에 접근할 수 있도록 보장","Bis 2030 den Hunger beenden und sicherstellen, dass alle Menschen, insbesondere die Armen und Menschen in prekären Situationen, einschließlich Kleinkindern, ganzjährig Zugang zu sicheren, nährstoffreichen und ausreichenden Nahrungsmitteln haben"
global_targets:2-2---title,"2025년까지 5세 미만의 발육부진 및 쇠약에 관한 국제 목표 달성을 포함하여 2030년까지 모든 형태의 영양 부족을 종식시키고 여성 청소년, 임산부, 수유여성 및 노년층의 영양상태 개선","Bis 2030 alle Formen der Mangelernährung beenden, einschließlich durch Erreichung der international vereinbarten Zielvorgaben in Bezug auf Wachstumshemmung und Auszehrung bei Kindern unter 5 Jahren bis 2025, und den Ernährungsbedürfnissen von heranwachsenden Mädchen, schwangeren und stillenden Frauen und älteren Menschen Rechnung tragen"
global_targets:2-3---title,"2030년까지 토지 및 기타 생산자원과 투입요소, 지식, 금융서비스, 시장 및 부가가치 창출과 비농업부문 고용 기회에 대한 안전하고 동등한 접근을 통해 소규모 식량생산자, 특히 여성, 토착민, 가족농, 목축업자 및 어민의 농업 생산성과 소득을 두 배로 증가","Bis 2030 die landwirtschaftliche Produktivität und die Einkommen von kleinen Nahrungsmittel-produzenten, insbesondere von Frauen, Angehörigen indigener Völker, landwirtschaftlichen Familienbetrieben, Weidetierhaltern und Fischern, verdoppeln, unter anderem durch den sicheren und gleichberechtigten Zugang zu Grund und Boden, anderen Produktionsressourcen und Betriebsmitteln, Wissen, Finanzdienstleistungen, Märkten sowie Möglichkeiten für Wertschöpfung und außerlandwirtschaftliche Beschäftigung"
global_targets:2-4---title,"2030년까지 생산성과 생산량을 증가시키고 생태계 유지에 도움이 되며 기후변화, 기상 이변, 가문, 홍수 및 기타 자연재해데 대한 적응력을 강화하고 토지와 토양의 질을 점진적으로 향상 시킬 수 있는 지속가능한 식량생산체계를 보장하며, 회복력 있는 농업 관행을 이행","Bis 2030 die Nachhaltigkeit der Systeme der Nahrungsmittelproduktion sicherstellen und  resiliente landwirtschaftliche Methoden anwenden, die die Produktivität und den Ertrag steigern, zur Erhaltung der Ökosysteme beitragen, die Anpassungsfähigkeit an Klimaänderungen, extreme Wetterereignisse, Dürren, Überschwemmungen und andere Katastrophen erhöhen und die Flächen- und Bodenqualität schrittweise verbessern"
global_targets:2-5---title,"2020년까지 국가적, 지역적, 국제적 차원에서 건전하게 관리되고 다변화된 종자 및 식물 은행 등을 통해 종자, 재배식물, 가축과 사육동물 및 관련 야생종의 유전적 다양성을 유지하고, 국제적으로 합의된 바와 같이 유전자원과 관련 전통지식의 이용으로부터 발생하는 이익의 공정하고 공평한 분배에 대한 접근을 개선","Bis 2020 die genetische Vielfalt von Saatgut, Kulturpflanzen sowie Nutz- und Haustieren und ihren wildlebenden Artverwandten bewahren, unter anderem durch gut verwaltete und diversifizierte Saatgut- und Pflanzenbanken auf nationaler, regionaler und internationaler Ebene, und den Zugang zu den Vorteilen aus der Nutzung der genetischen Ressourcen und des damit verbundenen traditionellen Wissens sowie die ausgewogene und gerechte Aufteilung dieser Vorteile fördern, wie auf internationaler Ebene vereinbart"
global_targets:2-a---title,"개발도상국 특히, 최빈개도국의 농업 생산역량 강화를 위해 국제협력 증진을 통해 농촌 지역 사회기반시설, 농업 연구 및 지원 서비스, 기술 개발, 식물 및 가축 유전자은행에 대한 투자 확대","Die Investitionen in die ländliche Infrastruktur, die Agrarforschung und landwirtschaftliche Beratungsdienste, die Technologieentwicklung sowie Genbanken für Pflanzen und Nutztiere erhöhen, unter anderem durch verstärkte internationale Zusammenarbeit, um die landwirtschaftliche Produktionskapazität in den Entwicklungsländern und insbesondere den am wenigsten entwickelten Ländern zu verbessern"
global_targets:2-b---title,도하개발라운드에 따른 농산품 보조금 철폐를 포함하여 세계농업시장에서의 무역규제 및 왜곡 시정,"Handelsbeschränkungen und -verzerrungen auf den globalen Agrarmärkten korrigieren und verhindern, unter anderem durch die parallele Abschaffung aller Formen von Agrarexportsubventionen und aller Exportmaßnahmen mit gleicher Wirkung im Einklang mit dem Mandat der Doha-Entwicklungsrunde"
global_targets:2-c---title,지나친 식품가격 변동성 제어에 도움이 되도록 식품상품 시장의 정상적인 기능을 위한 조치 채택,"Maßnahmen zur Gewährleistung des reibungslosen Funktionierens der Märkte für Nahrungsmittelrohstoffe und ihre Derivate ergreifen und den raschen Zugang zu Marktinformationen, unter anderem über Nahrungsmittelreserven, erleichtern, um zur Begrenzung der extremen Schwankungen der Nahrungsmittelpreise beizutragen"
global_targets:3-1---title,2030년까지  모성사망비율을 10만 명 당 70명미만으로 감소,Bis 2030 die weltweite Müttersterblichkeit auf unter 70 je 100.000 Lebendgeburten senken
global_targets:3-2---title,"2030년까지 신생아와 5세미만의 예방가능한 사망을 종식시켜, 모든 국가의 신생아 사망률을 1000명당 최소 12명 이하,  5세 미만 사망률을 1000명당 최소 25명 이하 목표","Bis 2030 den vermeidbaren Todesfällen bei Neugeborenen und Kindern unter 5 Jahren ein Ende setzen, mit dem von allen Ländern zu verfolgenden Ziel, die Sterblichkeit bei Neugeborenen mindestens auf 12 je 1.000 Lebendgeburten und bei Kindern unter 5 Jahren mindestens auf 25 je 1.000 Lebendgeburten zu senken"
global_targets:3-3---title,"2030년까지 후천성면역결핍증(AIDS), 결핵, 말라리아 및  소외열대질환의 확산을  종식시키고, 간염, 수인성 질병 및 기타 전염성 질병 방지","Bis 2030 die Aids-, Tuberkulose- und Malariaepidemien und die vernachlässigten Tropenkrankheiten beseitigen und Hepatitis, durch Wasser übertragene Krankheiten und andere übertragbare Krankheiten bekämpfen"
global_targets:3-4---title,2030년까지 예방과 치료를 통해 비전염성 질병으로 인한 조기 사망을 1/3로 감소시키고 정신건강과 웰빙을 향상,Bis 2030 die Frühsterblichkeit aufgrund von nichtübertragbaren Krankheiten durch Prävention und Behandlung um ein Drittel senken und die psychische Gesundheit und das Wohlergehen fördern
global_targets:3-5---title,마약 및 해로운 알코올을 포함하여 약물남용 예방 및 치료 강화,"Die Prävention und Behandlung des Substanzmissbrauchs, namentlich des Suchtstoffmissbrauchs und des schädlichen Gebrauchs von Alkohol, verstärken"
global_targets:3-6---title,"2020년까지, 도로교통사고로 인한 사망자 및 부상자 수를 절반으로 감소",Bis 2020 die Zahl der Todesfälle und Verletzungen infolge von Verkehrsunfällen weltweit halbieren
global_targets:3-7---title,"2030년까지 가족계획, 정보및교육 등을 포함한 성 및 생식보건서비스에 대한 보편적 접근을 보장하고 생식보건을 국가전략과 프로그램에 통합","Bis 2030 den allgemeinen Zugang zu sexual- und reproduktionsmedizinischer Versorgung, einschließlich Familienplanung, Information und Aufklärung, und die Einbeziehung der reproduktiven Gesundheit in nationale Strategien und Programme gewährleisten"
global_targets:3-8---title,"재정 위험 보호, 양질의 필수 보건서비스, 모두에게 안전하고 효과적이며 합리적인 가격의 필수 약품 및 백신에 대한 접근 등을 포함하는 보편적 건강보장 서비스 제공","Die allgemeine Gesundheitsversorgung, einschließlich der Absicherung gegen finanzielle Risiken, den Zugang zu hochwertigen grundlegenden Gesundheitsdiensten und den Zugang zu sicheren, wirksamen, hochwertigen und bezahlbaren unentbehrlichen Arzneimitteln und Impfstoffen für alle erreichen"
global_targets:3-9---title,"2030년까지 유해화학물질, 대기오염, 수질오염, 토양 오염으로 인한 사망 및 질병 건수를 상당 수준으로 감소","Bis 2030 die Zahl der Todesfälle und Erkrankungen aufgrund gefährlicher Chemikalien und der Verschmutzung und Verunreinigung von Luft, Wasser und Boden erheblich verringern"
global_targets:3-a---title,WHO 담배규제기본협약 이행 강화,Die Durchführung des Rahmenübereinkommens der Weltgesundheitsorganisation zur Eindämmung des Tabakgebrauchs in allen Ländern nach Bedarf stärken
global_targets:3-b---title,"개도국에서 주로 발생하는 전염성 및 비전염성 질병에 대한 백신 및 약품 개발과 연구 지원, 저렴한 가격의 필수 의약품 및 백신의 제공, 특히 모두에게 의약품에 대한 접근을 보장","Forschung und Entwicklung zu Impfstoffen und Medikamenten für übertragbare und nichtübertragbare Krankheiten, von denen hauptsächlich Entwicklungsländer betroffen sind, unterstützen, den Zugang zu bezahlbaren unentbehrlichen Arzneimitteln und Impfstoffen gewährleisten, im Einklang mit der Erklärung von Doha über das TRIPS-Übereinkommen und die öffentliche Gesundheit, die das Recht der Entwicklungsländer bekräftigt, die Bestimmungen in dem Übereinkommen über handelsbezogene Aspekte der Rechte des geistigen Eigentums über Flexibilitäten zum Schutz der öffentlichen Gesundheit voll auszuschöpfen, und insbesondere den Zugang zu Medikamenten für alle zu gewährleisten"
global_targets:3-c---title,"최빈개도국 및 개도국에서의 보건인력 양성, 훈련 및 보건 분야 재원을 상당 수준 증가","Die Gesundheitsfinanzierung und die Rekrutierung, Aus- und Weiterbildung und Bindung von Gesundheitsfachkräften in den Entwicklungsländern und insbesondere in den am wenigsten entwickelten Ländern und den kleinen Inselentwicklungsländern deutlich erhöhen"
global_targets:3-d---title,"모든 국가, 특히 개도국의 조기경보, 위험 감소, 국가 및 글로벌 보건리스크 관리 역량 강화","Die Kapazitäten aller Länder, insbesondere der Entwicklungsländer, in den Bereichen Frühwarnung, Risikominderung und Management nationaler und globaler Gesundheitsrisiken stärken"
global_targets:4-1---title,2030년까지 모든 여아와 남아가 적절하고 효과적인 학습성과를 거둘 수 있도록 공평하고 양질의 무상 초등교육과 중등교육의 이수를 보장,"Bis 2030 sicherstellen, dass alle Mädchen und Jungen gleichberechtigt eine kostenlose und hochwertige Grund- und Sekundarschulbildung abschließen, die zu brauchbaren und effektiven Lernergebnissen führt"
global_targets:4-2---title,"2030년까지 모든 여아와 남아가 초등교육을 받을 준비가 되도록 양질의 영유아 발달 교육, 보육 및 취학 전 교육에 대한 접근을 보장","Bis 2030 sicherstellen, dass alle Mädchen und Jungen Zugang zu hochwertiger frühkindlicher Erziehung, Betreuung und Vorschulbildung erhalten, damit sie auf die Grundschule vorbereitet sind"
global_targets:4-3---title,"2030년까지 모든 여성과 남성에게 적정비용의 양질의 기술교육, 직업교육 및 대학을 포함한 고등교육에 대한 평등한 접근을 보장","Bis 2030 den gleichberechtigten Zugang aller Frauen und Männer zu einer erschwinglichen und hochwertigen fachlichen, beruflichen und tertiären Bildung einschließlich universitärer Bildung gewährleisten"
global_targets:4-4---title,"2030년까지 전문.직업기술 등 취업, 양질의 일자리, 창업활동을 위해 필요한 적합한 기술을 지닌 청소년과 성인의 수를 실질적으로 증가","Bis 2030 die Zahl der Jugendlichen und Erwachsenen wesentlich erhöhen, die über die entsprechenden Qualifikationen einschließlich fachlicher und beruflicher Qualifikationen für eine Beschäftigung, eine menschenwürdige Arbeit und Unternehmertum verfügen"
global_targets:4-5---title,"2030년까지 교육에서의 성차를 해소하고, 장애인, 토착민, 취약상황에 처한 아동을 포함한 취약계층이 모든 수준의 교육과 직업훈련에 평등하게 접근","Bis 2030 geschlechtsspezifische Disparitäten in der Bildung beseitigen und den gleichberechtigen Zugang der Schwachen in der Gesellschaft, namentlich von Menschen mit Behinderungen, Angehörigen indigener Völker und Kindern in prekären Situationen, zu allen Bildungs- und Ausbildungsebenen gewährleisten"
global_targets:4-6---title,2030년까지 모든 청소년과 상당수 성인 남녀의 문해력과 수리력 성취를 보장,"Bis 2030 sicherstellen, dass alle Jugendlichen und ein erheblicher Anteil der männlichen und weiblichen Erwachsenen lesen, schreiben und rechnen lernen"
global_targets:4-7---title,"2030년까지 모든 학습자들이 지속가능발전 및 지속가능생할방식, 인권, 성평등, 평화와 비폭력문화증진, 세계시민의식, 문화다양성 및 지속가능발전을 위한 문화의 기여에 대한 교육을 통해, 지속가능발전을 증진하기 위해 필요한 지식 및 기술 습득을 보장","Bis 2030 sicherstellen, dass alle Lernenden die notwendigen Kenntnisse und Qualifikationen zur Förderung nachhaltiger Entwicklung erwerben, unter anderem durch Bildung für nachhaltige Entwicklung und nachhaltige Lebensweisen, Menschenrechte, Geschlechtergleichstellung, eine Kultur des Friedens und der Gewaltlosigkeit, Weltbürgerschaft und die Wertschätzung kultureller Vielfalt und des Beitrags der Kultur zu nachhaltiger Entwicklung"
global_targets:4-a---title,"아동, 장애인, 성차를 고려한 교육시설을 건립 및 개선하고, 모두를 위한 안전하고 비폭력적이며, 포용적이고 효과적인 학습환경을 제공","Bildungseinrichtungen bauen und ausbauen, die kinder-, behinderten- und geschlechtergerecht sind und eine sichere, gewaltfreie, inklusive und effektive Lernumgebung für alle bieten"
global_targets:4-b---title,"2020년까지 전 세계적으로 개도국, 특히 최빈국, 군소도서개발국, 아프리카 국가나 선진국이나 기타 개발도상국의 직업훈련, ICT, 과학기술 및 공학분야를 포함한 고등교육에 등록하도록 지원하는 장학금을 실질적으로 확대","Bis 2020 weltweit die Zahl der verfügbaren Stipendien für Entwicklungsländer, insbesondere für die am wenigsten entwickelten Länder, die kleinen Inselentwicklungsländer und die afrikanischen Länder, zum Besuch einer Hochschule, einschließlich zur Berufsbildung und zu Informations- und Kommunikationstechnik-, Technik-, Ingenieurs- und Wissenschaftsprogrammen, in entwickelten Ländern und in anderen Entwicklungsländern wesentlich erhöhen"
global_targets:4-c---title,"2030년까지 개발도상국, 특히 최빈국 및 군소도서개발국에서 교사훈련을 위한 국제협력을 통해 양성된 교사를 포함하여 자격을 갖춘 교사 공급을 실질적으로 증대",Bis 2030 das Angebot an qualifizierten Lehrkräften unter anderem durch internationale Zusammenarbeit im Bereich der Lehrerausbildung in den Entwicklungsländern und insbesondere in den am wenigsten entwickelten Ländern und kleinen Inselentwicklungsländern wesentlich erhöhen
global_targets:5-1---title,모든 곳에서 모든 여성과 여아에 대한 모든 형태의 차별 종식,Alle Formen der Diskriminierung von Frauen und Mädchen überall auf der Welt beenden
global_targets:5-2---title,"인신매매, 성적 착취 및 기타 형태의 착취를 포함하여 공적 및 사적 영역에서 모든 여성과 여아에 대한 모든 형태의 폭력 근절",Alle Formen von Gewalt gegen alle Frauen und Mädchen im öffentlichen und im privaten Bereich einschließlich des Menschenhandels und sexueller und anderer Formen der Ausbeutung beseitigen
global_targets:5-3---title,"아동 결혼, 조혼 및 강제결혼, 여성성기절제와 같은 모든 유해한 관습 근절","Alle schädlichen Praktiken wie Kinderheirat, Frühverheiratung und Zwangsheirat sowie die Genitalverstümmelung bei Frauen und Mädchen beseitigen"
global_targets:5-4---title,"국가별 상황에 맞는 공공서비스, 사회기반시설 및 사회보호정책의 제공과 가구 및 가족 내 책임부담 촉진을 통해 무보수 가사노동과 돌봄노동을 인지하고 가치를 부여",
global_targets:5-5---title,"정치, 경제, 공공부문에서 모든 단계의 의사결정과정에서 여성의 완전하고 효과적인 참여와 리더십에 대한 평등한 기회를 보장","Die volle und wirksame Teilhabe von Frauen und ihre Chancengleichheit bei der Übernahme von Führungsrollen auf allen Ebenen der Entscheidungsfindung im politischen, wirtschaftlichen und öffentlichen Leben sicherstellen"
global_targets:5-6---title,"국제인구개발회의(ICPD) 행동계획과 북경 행동강령 및 이에 대한 검토회의 결과문서에 따라 모든 이가 성, 생식보건, 재생산권에 대한 보편적인 접근을 보장","Den allgemeinen Zugang zu sexueller und reproduktiver Gesundheit und reproduktiven Rechten gewährleisten, wie im Einklang mit dem Aktionsprogramm der Internationalen Konferenz über Bevölkerung und Entwicklung, der Aktionsplattform von Beijing und den Ergebnisdokumenten ihrer Überprüfungskonferenzen vereinbart"
global_targets:5-a---title,"경제적 자원, 소유권, 토지 및 기타 형태의 부동산, 상속, 천연자원, 금융서비스 등의 평등한 권리를 여성에게 보장하도록 개혁 실시","Reformen durchführen, um Frauen die gleichen Rechte auf wirtschaftliche Ressourcen sowie Zugang zu Grundeigentum und zur Verfügungsgewalt über Grund und Boden und sonstige Vermögensformen, zu Finanzdienstleistungen, Erbschaften und natürlichen Ressourcen zu verschaffen, im Einklang mit den nationalen Rechtsvorschriften"
global_targets:5-b---title,여성의 권한 증대를 위해 유용한 기술사용 강화 (특히 ICT),"Die Nutzung von Grundlagentechnologien, insbesondere der Informations- und Kommunikationstechnologien, verbessern, um die Selbstbestimmung der Frauen zu fördern"
global_targets:5-c---title,모든 수준에서 모든 여성과 여아의 권한강화와 성평등 촉진을 위해 명확한 정책과 집행가능한 법을 채택하고 강화,Eine solide Politik und durchsetzbare Rechtsvorschriften zur Förderung der Gleichstellung der Geschlechter und der Selbstbestimmung aller Frauen und Mädchen auf allen Ebenen beschließen und verstärken
global_targets:6-1---title,2030년까지 안전한 식수에 대한 보편적 접근성 제공,Bis 2030 den allgemeinen und gerechten Zugang zu einwandfreiem und bezahlbarem Trinkwasser für alle erreichen
global_targets:6-2---title,각별히 여성 및 소녀의 필요성을 고려하여 2030년까지 충분하고 공평한 위생시설 보장; 노상배변(open defecation) 근절,"Bis 2030 den Zugang zu einer angemessenen und gerechten Sanitärversorgung und Hygiene für alle erreichen und der Notdurftverrichtung im Freien ein Ende setzen, unter besonderer Beachtung der Bedürfnisse von Frauen und Mädchen und von Menschen in prekären Situationen"
global_targets:6-3---title,"2030년까지, 오염 감소, 유해 화학물질 투기 근절 및 배출 최소화를 통해 미처리된 하수 비율을 절반으로 줄이고 재활용 및 안전한 재사용을 전 세계적으로 대폭 확대","Bis 2030 die Wasserqualität durch Verringerung der Verschmutzung, Beendigung des Einbringens und Minimierung der Freisetzung gefährlicher Chemikalien und Stoffe, Halbierung des Anteils unbehandelten Abwassers und eine beträchtliche Steigerung der Wiederaufbereitung und gefahrlosen Wiederverwendung weltweit verbessern"
global_targets:6-4---title,2030년까지 전 부문에서의 물 사용 효율을 높이고 공급에 맞는 담수 회수(freshwater withdrawals) 및 공급으로 물 부족에 대응,"Bis 2030 die Effizienz der Wassernutzung in allen Sektoren wesentlich steigern und eine nachhaltige Entnahme und Bereitstellung von Süßwasser gewährleisten, um der Wasserknappheit zu begegnen und die Zahl der unter Wasserknappheit leidenden Menschen erheblich zu verringern"
global_targets:6-5---title,2030년까지 국경 간 협력을 포함하여 통합된 물 자원 관리 이행,"Bis 2030 auf allen Ebenen eine integrierte Bewirtschaftung der Wasserressourcen umsetzen, gegebenenfalls auch mittels grenzüberschreitender Zusammenarbeit"
global_targets:6-6---title,"2020년까지, 산, 산림, 습지, 강, 대수층 및 호수 등 물 관련 생태계를 보호 및 복원","Bis 2020 wasserverbundene Ökosysteme schützen und wiederherstellen, darunter Berge, Wälder, Feuchtgebiete, Flüsse, Grundwasserleiter und Seen"
global_targets:6-a---title,물·위생 활동 및 프로그램과 관련하여 2030년까지 개발도상국가에 대한 국제협력 및 역량배양 지원을 확대,"Bis 2030 die internationale Zusammenarbeit und die Unterstützung der Entwicklungsländer beim Kapazitätsaufbau für Aktivitäten und Programme im Bereich der Wasser- und Sanitärversorgung ausbauen, einschließlich der Wassersammlung und -speicherung, Entsalzung, effizienten Wassernutzung, Abwasserbehandlung, Wiederaufbereitungs- und Wiederverwendungstechnologien"
global_targets:6-b---title,물·위생 관리 개선을 위해 지역사회 참여 지원 및 강화,Die Mitwirkung lokaler Gemeinwesen an der Verbesserung der Wasserbewirtschaftung und der Sanitärversorgung unterstützen und verstärken
global_targets:7-1---title,2030년까지 적절한 가격과 지속가능하며 현대화된 에너지 서비스의 보편적 접근 보장,"Bis 2030 den allgemeinen Zugang zu bezahlbaren, verlässlichen und modernen Energiedienstleistungen sichern"
global_targets:7-2---title,2030년까지 재생가능에너지 비중을 상당하게 증가,Bis 2030 den Anteil erneuerbarer Energie am globalen Energiemix deutlich erhöhen
global_targets:7-3---title,2030년까지 에너지 효율성 향상 글로벌 비율을 두 배 증가,Bis 2030 die weltweite Steigerungsrate der Energieeffizienz verdoppeln
global_targets:7-a---title,2030년까지 청정에너지 연구개발 이행을 위해 국제협력 강화,"Bis 2030 die internationale Zusammenarbeit verstärken, um den Zugang zur Forschung und Technologie im Bereich saubere Energie, namentlich erneuerbare Energie, Energieeffizienz sowie fortschrittliche und saubere Technologien für fossile Brennstoffe, zu erleichtern, und Investitionen in die Energieinfrastruktur und saubere Energietechnologien fördern"
global_targets:7-b---title,2030년까지 개발도상국에 현대화된 지속 가능한 에너지서비스를 공급하기 위하여 에너지 기반 시설 확장 및 기술 업그레이드,"Bis 2030 die Infrastruktur ausbauen und die Technologie modernisieren, um in den Entwicklungsländern und insbesondere in den am wenigsten entwickelten Ländern, den kleinen Inselentwicklungsländern und den Binnenentwicklungsländern im Einklang mit ihren jeweiligen Unterstützungsprogrammen moderne und nachhaltige Energiedienstleistungen für alle bereitzustellen"
global_targets:8-1---title,국가별 상황에 맞게 1인당 경제성장을 유지하고 특히 최빈개도국은 최소한 연간 7% GDP 성장률 유지,Ein Pro-Kopf-Wirtschaftswachstum entsprechend den nationalen Gegebenheiten und insbesondere ein jährliches Wachstum des Bruttoinlandsprodukts von mindestens 7 Prozent in den am wenigsten entwickelten Ländern aufrechterhalten
global_targets:8-10---title,"보험업, 금융업 및 금융지원서비스의 접근가능범위를 확대하기 위해 국가 내 금융 기관의 역량 강화","Die Kapazitäten der nationalen Finanzinstitutionen stärken, um den Zugang zu Bank-, Versicherungs- und Finanzdienstleistungen für alle zu begünstigen und zu erweitern"
global_targets:8-2---title,"노동집약적 산업부문 및 고부가가치 산업에 포커스를 두고 사업 다각화, 기술업그레이드 및 혁신으로 생산성 향상","Eine höhere wirtschaftliche Produktivität durch Diversifizierung, technologische Modernisierung und Innovation erreichen, einschließlich durch Konzentration auf mit hoher Wertschöpfung verbundene und arbeitsintensive Sektoren"
global_targets:8-3---title,"생산적 활동, 일자리 창출, 기업가 활동, 창의성 및 혁신을 지원하는 개발지향형 정책 촉진; 중소기업 육성","Entwicklungsorientierte Politiken fördern, die produktive Tätigkeiten, die Schaffung menschenwürdiger Arbeitsplätze, Unternehmertum, Kreativität und Innovation unterstützen, und die Formalisierung und das Wachstum von Kleinst-, Klein- und Mittelunternehmen unter anderem durch den Zugang zu Finanzdienstleistungen begünstigen"
global_targets:8-4---title,2030년까지 소비 및 생산에서의 국제적 자원 효율을 점진적으로 개선; 선진국의 주도하에 10년 주기 프로그램을 통하여 경제 성장으로 인한 환경훼손 억제,"Bis 2030 die weltweite Ressourceneffizienz in Konsum und Produktion Schritt für Schritt verbessern und die Entkopplung von Wirtschaftswachstum und Umweltzerstörung anstreben, im Einklang mit dem Zehnjahres-Programmrahmen für nachhaltige Konsum- und Produktionsmuster, wobei die entwickelten Länder die Führung übernehmen"
global_targets:8-5---title,"2030년까지 장애가 있는 젊은 사람을 포함, 모든 남녀의 완전 고용을 달성; 동등한 가치의 업무에 대해 동등한 보수 보장","Bis 2030 produktive Vollbeschäftigung und menschenwürdige Arbeit für alle Frauen und Männer, einschließlich junger Menschen und Menschen mit Behinderungen, sowie gleiches Entgelt für gleichwertige Arbeit erreichen"
global_targets:8-6---title,"2020년까지 고용, 교육 또는 훈련 상태에 있지 않은 청년 비율을 상당 수준으로 감소","Bis 2020 den Anteil junger Menschen, die ohne Beschäftigung sind und keine Schul- oder Berufsausbildung durchlaufen, erheblich verringern"
global_targets:8-7---title,"강제노동 근절, 현대식 노예 및 인신매매 종식, 소년병 동원 및 징집 등 최악의 아동 노동 형태 금지 및 근절. 2025년까지 모든 형태의 아동 노동 근절","Sofortige und wirksame Maßnahmen ergreifen, um Zwangsarbeit abzuschaffen, moderne Sklaverei und Menschenhandel zu beenden und das Verbot und die Beseitigung der schlimmsten Formen der Kinderarbeit, einschließlich der Einziehung und des Einsatzes von Kindersoldaten, sicherstellen und bis 2025 jeder Form von Kinderarbeit ein Ende setzen"
global_targets:8-8---title,고용이 불안정한 노동자 및 이주노동자(특히 여성)의 노동권 보호 및 안전한 작업환경 촉진,"Die Arbeitsrechte schützen und sichere Arbeitsumgebungen für alle Arbeitnehmer, einschließlich der Wanderarbeitnehmer, insbesondere der Wanderarbeitnehmerinnen, und der Menschen in prekären Beschäftigungsverhältnissen, fördern"
global_targets:8-9---title,"2030년까지 일자리를 창출하고, 지역 문화와 제품들을 증진하는 지속 가능 관광 촉진을 위한 정책들의 설계 및 시행","Bis 2030 Politiken zur Förderung eines nachhaltigen Tourismus erarbeiten und umsetzen, der Arbeitsplätze schafft und die lokale Kultur und lokale Produkte fördert"
global_targets:8-a---title,"개발도상국, 특히 최빈개도국에 대한 무역원조의 증가 (최빈개도국을 위한 무역관계 기술지원을 위한 강화된 통합프레임하에서 이루어지는 원조를 포함)","Die im Rahmen der Handelshilfe gewährte Unterstützung für die Entwicklungsländer und insbesondere die am wenigsten entwickelten Länder erhöhen, unter anderem durch den Erweiterten integrierten Rahmenplan für handelsbezogene technische Hilfe für die am wenigsten entwickelten Länder"
global_targets:8-b---title,2020년까지 청년실업에 대한 글로벌 전략 수립 및 운영; 국제노동기구의 ILO Global Jobs Pact 이행,Bis 2020 eine globale Strategie für Jugendbeschäftigung erarbeiten und auf den Weg bringen und den Globalen Beschäftigungspakt der Internationalen Arbeitsorganisation umsetzen
global_targets:9-1---title,"경제발전 및 인간의 웰빙을 위한 고품질, 신뢰성 높은, 지속가능한 탄력적 기반시설 구축","Eine hochwertige, verlässliche, nachhaltige und widerstandsfähige Infrastruktur aufbauen, einschließlich regionaler und grenzüberschreitender Infrastruktur, um die wirtschaftliche Entwicklung und das menschliche Wohlergehen zu unterstützen, und dabei den Schwerpunkt auf einen erschwinglichen und gleichberechtigten Zugang für alle legen"
global_targets:9-2---title,포괄적이고 지속가능한 산업화 촉진; 2030년까지 산업부문의 고용률을 상당 수준으로 증가(최빈개도국의 경우 2배로 증가),Eine breitenwirksame und nachhaltige Industrialisierung fördern und bis 2030 den Anteil der Industrie an der Beschäftigung und am Bruttoinlandsprodukt entsprechend den nationalen Gegebenheiten erheblich steigern und den Anteil in den am wenigsten entwickelten Ländern verdoppeln
global_targets:9-3---title,소규모 산업체의 가치사슬 및 시장으로의 통합 및 금융서비스 접근가능성 강화(특히 개발도상국),"Insbesondere in den Entwicklungsländern den Zugang kleiner Industrie- und anderer Unternehmen zu Finanzdienstleistungen, einschließlich bezahlbaren Krediten, und ihre Einbindung in Wertschöpfungsketten und Märkte erhöhen"
global_targets:9-4---title,자원사용 효율 제고와 청정/환경 친화 기술 및 산업공정의 도입을 통해 2030년까지 기반시설과 낙후된 산업시설을 지속가능한 환경으로 개선 및 개조하고 모든 국가들은 각자의 역량에 따라 이를 이행함,"Bis 2030 die Infrastruktur modernisieren und die Industrien nachrüsten, um sie nachhaltig zu machen, mit effizienterem Ressourceneinsatz und unter vermehrter Nutzung sauberer und umweltverträglicher Technologien und Industrieprozesse, wobei alle Länder Maßnahmen entsprechend ihren jeweiligen Kapazitäten ergreifen"
global_targets:9-5---title,"2030년까지, 인구 백만 명 당 연구 개발 종사자의 수와 공공/민간 연구 개발 지출 대폭 증가 및 혁신 장려 등을 통해, 모든 국가, 특히 개발도상국의 과학 연구 강화, 산업 부문의 기술 역량 향상",Die wissenschaftliche Forschung verbessern und die technologischen Kapazitäten der Industriesektoren in allen Ländern und insbesondere in den Entwicklungsländern ausbauen und zu diesem Zweck bis 2030 unter anderem Innovationen fördern und die Anzahl der im Bereich Forschung und Entwicklung tätigen Personen je 1 Million Menschen sowie die öffentlichen und privaten Ausgaben für Forschung und Entwicklung beträchtlich erhöhen
global_targets:9-a---title,"아프리카 국가들, 최빈개도국들, 소규모 도서 개발도상국에 대한 강화된 금융, 기술, 전문적 지원을 통해, 개발도상국들에서 지속 가능하고, 회복탄력성을 갖춘 인프라 개발 촉진","Die Entwicklung einer nachhaltigen und widerstandsfähigen Infrastruktur in den Entwicklungsländern durch eine verstärkte finanzielle, technologische und technische Unterstützung der afrikanischen Länder, der am wenigsten entwickelten Länder, der Binnenentwicklungsländer und der kleinen Inselentwicklungsländer erleichtern"
global_targets:9-b---title,"산업 다각화, 상품가치를 부가시키는 산업 환경 정책을 보장하여 개발도상국가의 국내 기술개발, 연구 및 혁신이 이루어지도록 지원","Die einheimische Technologieentwicklung, Forschung und Innovation in den Entwicklungsländern unterstützen, einschließlich durch Sicherstellung eines förderlichen politischen Umfelds, unter anderem für industrielle Diversifizierung und Wertschöpfung im Rohstoffbereich"
global_targets:9-c---title,"ICT 접근성을 상당 수준으로 증가시키고, 2020년까지 최빈개도국의 보편적인 인터넷 접근성(access) 달성을 위해 노력","Den Zugang zur Informations- und Kommunikationstechnologie erheblich erweitern sowie anstreben, in den am wenigsten entwickelten Ländern bis 2020 einen allgemeinen und erschwinglichen Zugang zum Internet bereitzustellen"
general:facebook,Facebook,Facebook
general:goal,목표,Ziel
general:goals,목표,Ziele
general:home,Home,Home
general:indicator,지표,Indikator
general:indicators,지표,Indikatoren
general:loading,검색 결과를 불러오고 있습니다.,Ergebnisse werden geladen
general:opens_new_window,새 창에서 열기,in neuem Fenster öffnen
general:sdg,지속가능발전목표,Ziele für Nachhaltige Entwicklung
general:target,세부목표,Unterziel
general:targets,세부목표,Unterziele
general:twitter,Twitter,Twitter
global_goals:1---short,빈곤퇴치,Keine Armut
global_goals:1---title,모든 곳에서 모든 형태의 빈곤 종식,Armut in allen ihren Formen und überall beenden
global_goals:10---short,불평등 완화,Weniger Ungleichheiten
global_goals:10---title,국내 및 국가 간 불평등 감소,Ungleichheit in und zwischen Ländern verringern
global_goals:11---short,지속가능한 도시와 공동체,Nachhaltige Städte und Gemeinden
global_goals:11---title,포용적이고 안전하며 회복력 있고 지속가능한 도시와 주거지 조성,"Städte und Siedlungen inklusiv, sicher, widerstandsfähig und nachhaltig gestalten"
global_goals:12---short,책임감있는 소비와 생산,Verantwortungsvolle Konsum- und Produktionsmuster
global_goals:12---title,지속가능한 소비와 생산 양식의 보장,Nachhaltige Konsum- und Produktionsmuster sicherstellen
global_goals:13---short,기후변화 대응,Maßnahmen zum Klimaschutz
global_goals:13---title,기후변화와 그로 인한 영향에 맞서기 위한 긴급 대응,Umgehend Maßnahmen zur Bekämpfung des Klimawandels und seiner Auswirkungen ergreifen
global_goals:14---short,해양 생태계,Leben unter Wasser
global_goals:14---title,"지속가능발전을 위한 대양, 바다, 해양자원의 보전과 지속가능한 이용","Ozeane, Meere und Meeresressourcen im Sinne nachhaltiger Entwicklung erhalten und nachhaltig nutzen"
global_goals:15---short,육상 생태계,Leben an Land
global_goals:15---title,"육상생태계의 지속가능한 보호·복원·증진, 숲의 지속가능한 관리, 사막화 방지, 토지황폐화의 중지와 회복, 생물다양성 손실 중단","Landökosysteme schützen, wiederherstellen und ihre nachhaltige Nutzung fördern, Wälder nachhaltig bewirtschaften, Wüstenbildung bekämpfen, Bodendegradation beenden und umkehren und "
global_goals:16---short,"평화, 정의와 제도","Frieden, Gerechtigkeit und starke Institutionen"
global_goals:16---title,"지속가능발전을 위한 평화롭고 포용적인 사회 증진, 모두에게 정의를 보장, 모든 수준에서 효과적이며 책임감 있고 포용적인 제도 구축","Friedliche und inklusive Gesellschaften für eine nachhaltige Entwicklung fördern, allen Menschen Zugang zur Justiz ermöglichen und leistungsfähige, rechenschaftspflichtige und inklusive Institutionen auf allen Ebenen aufbauen"
global_goals:17---short,SDGs를 위한 파트너십,Partnerschaften zur Erreichung der Ziele
global_goals:17---title,이행수단 강화와 지속가능발전을 위한 글로벌 파트너십의 활성화,Umsetzungsmittel stärken und die Globale Partnerschaft für nachhaltige Entwicklung mit neuem Leben erfüllen
global_goals:2---short,기아종식,Kein Hunger
global_goals:2---title,"기아 종식, 식량안보와 개선된 영양상태의 달성, 지속 가능항 농업 강화","Den Hunger beenden, Ernährungssicherheit und eine bessere Ernährung erreichen und eine nachhaltige Landwirtschaft fördern"
global_goals:3---short,건강과 웰빙,Gesundheit und Wohlergehen
global_goals:3---title,모든 연령층을 위한 건강한 삶 보장과 복지 증진,Ein gesundes Leben für alle Menschen jeden Alters gewährleisten und ihr Wohlergehen fördern
global_goals:4---short,양질의 교육,Hochwertige Bildung
global_goals:4---title,모두를 위한 포용적이고 공평한 양질의 교육 보장 및 평생학습 기회 증진,"Inklusive, gleichberechtigte und hochwertige Bildung gewährleisten und Möglichkeiten lebenslangen Lernens für alle fördern"
global_goals:5---short,양성평등,Geschlechtergleichstellung
global_goals:5---title,성평등 달성과 모든 여성 및 여아의 권익신장,Geschlechtergleichstellung erreichen und alle Frauen und Mädchen zur Selbstbestimmung befähigen
global_goals:6---short,물과 위생,Sauberes Wasser und Sanitärversorgung
global_goals:6---title,모두를 위한 물과 위생의 이용가능성과 지속가능한 관리 보장,Verfügbarkeit und nachhaltige Bewirtschaftung von Wasser und Sanitärversorgung für alle gewährleisten
global_goals:7---short,깨끗한 에너지,Bezahlbare und saubere Energie
global_goals:7---title,적정한 가격에 신뢰할 수 있고 지속가능한 현대적인 에너지에 대한 접근 보장,"Zugang zu bezahlbarer, verlässlicher, nachhaltiger und moderner Energie für alle sichern"
global_goals:8---short,양질의 일자리와 경제성장,Menschenwürdige Arbeit und Wirtschaftswachstum
global_goals:8---title,"포용적이고 지속가능한 경제성장, 완전하고 생산적인 고용과 모두를 위한 양질의 일자리 증진","Dauerhaftes, breitenwirksames und nachhaltiges Wirtschaftswachstum, produktive Vollbeschäftigung und menschenwürdige Arbeit für alle fördern"
global_goals:9---short,"산업, 혁신과 사회기반시설","Industrie, Innovationen und Infrastruktur"
global_goals:9---title,"회복력 있는 사회기반시설 구축, 포용적이고 지속가능한 산업화 증진과 혁신 도모","Eine widerstandsfähige Infrastruktur aufbauen, breitenwirksame und nachhaltige Industrialisierung fördern und Innovationen unterstützen"
status:exploring_data_sources,작업중,Datenquellenanalyse
status:not_applicable,Not applicable,Nicht zutreffend
status:overall_reporting_status,지표 작성 현황,Übersicht zum Berichtsstatus
status:reported_online,이용가능,Daten verfügbar
status:reporting_status,지표 현황,Berichtsstatus
status:statistics_in_progress,Statistics in progress,in Bearbeitung
status:status_by_goal,목표별 현황,Status nach Ziel
post:posts_by_category,Posts by Category,Beiträge geordnet nach Kategorien
post:view_all_in_category,View all posts in the %category_name category, Zeige alle Beiträge in der %category_name Kategorie an
global_indicators:1-1-1-title,국제 빈곤선 미만에서 살고 있는 인구의 성·연령·고용상태 및 지역(도시/농촌)별 비율,
global_indicators:1-2-1-title,국가 빈곤선 미만에서 살고 있는 인구의 성 및 연령별 비율,
global_indicators:1-2-2-title,"국가별 정의에 따른 모든 차원의 빈곤 속에  살고 있는 모든 연령의 남성, 여성 및 아동의 비율",
global_indicators:1-3-1-title,사회적 보호 최저선/체계의 적용을 받는 인구의 성·특수아동·실업자·노령자·장애인·임산부·신생아·산업재해피해자·빈곤층 및 취약계층별 비율,
global_indicators:1-4-1-title,기초 서비스에 접근 가능한 가구에 살고 있는 인구 비율,
global_indicators:1-4-2-title,법적으로 인정된 문서를 통해 안정된 토지권을 갖고 토지에 대한 권리가 보장되었다고 여기는 성인 인구의 성 및 보유형태별 비율,
global_indicators:1-5-1-title,"100,000명당 재난으로 인해 사망, 실종, 직접적 피해(affected)를 받은 인구 수",
global_indicators:1-5-2-title,국내총생산(GDP) 대비 재난으로 인한 직접적인 경제적 손실액,
global_indicators:1-5-3-title,「재난위험감축을 위한 센다이프레임워크(2015-2030)」에 따라 국가적인 재난위험감축전략을 채택하고 이행하는 국가의 수,
global_indicators:1-5-4-title,국가의 재난위험감축전략에 따라 지자체 차원에서 재난위험감축전략을 갖추고 있는 비율,
global_indicators:1-a-1-title,정부가 빈곤감소 프로그램에 직접 할당한 국내재원 비율,
global_indicators:1-a-2-title,"정부 총지출 중 필수 서비스 (교육, 의료 및 사회적 보호)에 소요되는 지출 비율",
global_indicators:1-a-3-title,GDP 대비 빈곤감소 프로그램에 직접 할당되는 비부채성 자금유입과 총 보조금의 합,
global_indicators:1-b-1-title,"여성, 빈곤층 그리고 취약계층에 상대적으로 혜택을 주는 부문에 지출되는 정부의 경상 및 투자 지출 비율",
global_indicators:10-1-1-title,총인구 및 소득 하위 40% 인구의  가구지출 성장률 혹은 1인당 소득 성장률,
global_indicators:10-2-1-title,"중위소득 50% 미만 인구의 성, 연령 및 장애별 비율",
global_indicators:10-3-1-title,국제인권법 차별금지기준으로 지난 12개월 동안 차별 또는 괴롭힘을 당했다고 느꼈음을 보고한 인구의 비율,
global_indicators:10-4-1-title,GDP 중 임금과 사회보장이전으로 구성된 노동소득비율,
global_indicators:10-5-1-title,금융건전성지표(Financial Soundness Indicators),
global_indicators:10-6-1-title,국제기구에서 개발도상국의 회원 및 투표권(voting rights) 비율,
global_indicators:10-7-1-title,이주국가에서 얻은 연소득 대비 이주근로자가 부담하는 고용비용의 비율,
global_indicators:10-7-2-title,잘 관리되는 이주정책을 이행하고 있는 국가의 수,
global_indicators:10-a-1-title,관세가 없는 최빈개도국/개발도상국으로부터의 수입에 부과되는 관세선 비율,
global_indicators:10-b-1-title,"공여국과 수원국별 개발을 위한 총자원 자원투입(예. ODA, 해외직접투자 및 기타 투입)",
global_indicators:10-c-1-title,송금총액에서 송금비용의 비율,
global_indicators:11-1-1-title,"빈민가, 임시거처 또는 최소한의 요건을 갖추지 못한 주거시설에 거주하는 도시인구비율",
global_indicators:11-2-1-title,"대중교통에 편리하게 접근할 수 있는 인구비율(연령, 성 및 장애별)",
global_indicators:11-3-1-title,인구성장률 대비 토지소모 비율,
global_indicators:11-3-2-title,정기적이고 민주적으로 운영되는 도시계획 및 관리에 시민사회가 직접 참여하는 구조를 가지고 있는 도시의 비율,
global_indicators:11-4-1-title,"모든 문화 및 자연유산의 보존, 보호 및 관리에 배정된 1인당 총 지출액(유산종류(문화, 자연, 복합, 세계유산센터 등재), 정부유형(중앙, 광역, 시군), 지출종류(운영비/투자)), 민간자금종류(기부, 민간, 비영리, 스폰서)별)",
global_indicators:11-5-1-title,"인구 100,000 명당 재난으로 인해 사망, 실종, 직접적 피해를 입은 인구 수",
global_indicators:11-5-2-title,중요 기반시설 피해 및 기본적인 서비스의 중단 등 재난으로 인한 GDP 대비 직접적인 경제적 손실,
global_indicators:11-6-1-title,도시에서 발생하는 전체 고형 폐기물 중  정기적으로 수거되고 적절한 최종처리단계를 거치는 도시 고형 폐기물 비율(도시별),
global_indicators:11-6-2-title,도시 미세먼지의 연평균수준 (인구수에 따른 가중),
global_indicators:11-7-1-title,"도시에서 공공목적의 용도를 위해 개방된 공용 공간이 차지하는 평균비율 (연령, 성 및 장애별)",
global_indicators:11-7-2-title,"지난 12개월 동안 신체적 혹은 성적 괴롭힘을 당한 인구의 성, 연령, 장애, 발생장소별 비율",
global_indicators:11-a-1-title,인구 추계와 자원 수요를 통합하여 수립된 도시 및 지역발전계획을 이행하는 도시에 거주하는 인구의 비율 (도시크기별),
global_indicators:11-b-1-title,「재난위험감축을 위한 센다이프레임워크 (2015-2030)」에 따라 국가재난위험감축전략을 채택하고 이행하는 국가의 수,
global_indicators:11-b-2-title,국가의 재난위험감축전략에 따라 지자체 차원에서 재난위험감축전략을 갖추고 있는 비율,
global_indicators:11-c-1-title,최빈개도국 내 현지 자원을 이용하여 지속가능하고 회복력 있으며 자원효율적인 건물을 짓고 재건축하는데 소요되는 최빈개도국 재정지원비율,
global_indicators:12-1-1-title,지속가능한 소비 및 생산(SCP) 국가실행계획이나 SCP를 주류로 하는 계획을 갖고 있는 국가 수,
global_indicators:12-2-1-title,"총 및 1인당 물질발자국, GDP 대비 물질발자국",
global_indicators:12-2-2-title,"총 및 1인당 물질소비량, GDP 대비 물질소비량",
global_indicators:12-3-1-title,글로벌식량손실지수(GFLI),
global_indicators:12-4-1-title,유해 폐기물과 기타 화학물질에 대한 국제 다자간 환경협약이 요구하는 정보제공에 관한 약속과 의무를 이행하는 당사국 수,
global_indicators:12-4-2-title,1인당 발생시키는 유해폐기물과 유해폐기물 처리 비율(처리유형별),
global_indicators:12-5-1-title,"국가 재활용 비율, 물질재활용 톤",
global_indicators:12-6-1-title,지속가능성 보고서를 발간하는 기업의 수,
global_indicators:12-7-1-title,지속 가능한 공공 조달 정책들과 실행 계획들을 이행하는 국가들의 수,
global_indicators:12-8-1-title,(i) 세계시민교육 (ii)지속가능발전교육(기후변화교육포함)이 (a)국가교육정책 (b) 교육과정 (c) 교사교육 그리고 (d) 학생평가 등 모든 영역에서 주류화 정도,
global_indicators:12-a-1-title,지속가능한 생산소비 및 환경 친화적인 기술분야 연구개발을 위해 개발도상국에 지원되는 금액,
global_indicators:12-b-1-title,합의된 모니터링과  평가수단을 가진 지속가능한 관광 전략이나 정책 그리고 이행을 위한 실행계획의 수,
global_indicators:12-c-1-title,GDP 단위(생산과 소비)당 화석연료보조금액수 및 화석연료에 대한 총 국가지출대비 화석연료 보조금 비율,
global_indicators:13-1-1-title,"100,000명당 재난으로 인해 사망, 실종, 직접적 피해(affected)를 받은 인구 수",
global_indicators:13-1-2-title,재난위험감축을 위한 센다이프레임워크(2015-2030)에 따라 국가적인 재난위험감축전략을 채택하고 이행하는 국가의 수,
global_indicators:13-1-3-title,국가의 재난위험감축전략에 따라 지자체 차원에서 재난위험감축전략을 갖추고 있는 비율,
global_indicators:13-2-1-title,"식량 생산을 위협하지 않는 방식으로 기후변화의 부정적인 영향에 적응하고, 기후회복력을 배양하고 온실가스배출을 줄일 수 있는 통합된 정책, 전략, 계획을 수립하거나 운영하는 것을 논의해 온 국가의 수(국가 적응계획, 국가 온실가스 감축 기여방안, 국가보고서, 격년별로 갱신되는 보고서 등을 포함)",
global_indicators:13-3-1-title,"완화, 적응, 영향 저감, 조기 경보를 초중고등 교육과정에 포함시킨 국가들의 수",
global_indicators:13-3-2-title,"적응, 완화, 그리고 기술 이전 및 개발 이행을 위한 기관, 시스템, 그리고 개인의 역량 강화를 논의해온 국가의 수",
global_indicators:13-a-1-title,약속된 1천 억 달러 재원 조성에 대해 2020~2025년 실제 모금되는 연도별 금액,
global_indicators:13-b-1-title,"여성, 청소년, 지역 및 소외 공동체에 초점을 맞추는 것을 포함하여, 효과적인 기후변화 관련 계획과 관리 역량을 제고하기 위한 매커니즘 개발을 위해 금융, 기술, 역량배양을 비롯한 특별지원과 지원금을 받고 있는 최빈 개도국과 군소 도서개발국의 수",
global_indicators:14-1-1-title,연안해역 부영양화지수 및 부유성 플라스틱 부유성 폐기물 밀도,
global_indicators:14-2-1-title,생태계 기반의 접근방식으로 관리되는 국가의 배타적 경제수역의 비율,
global_indicators:14-3-1-title,합의된 대표 표본 추출 지점들에서 측정되는 평균 해양산도(pH),
global_indicators:14-4-1-title,생물학적으로 지속 가능한 수준에서의 어족자원의 비율,
global_indicators:14-5-1-title,해양 면적 대비 보호구역의 비율,
global_indicators:14-6-1-title,불법·비보고·비규제 어업을 근절하기 위한 국제적 수단을 이행하는 국가별 진척도,
global_indicators:14-7-1-title,"군소도서 개발국, 최빈개도국 그리고 모든 국가의 GDP 중 지속가능한 어업 비율",
global_indicators:14-a-1-title,전체 연구예산 중 해양기술부문 연구에 할당된 예산비율,
global_indicators:14-b-1-title,소규모 영세어민을 위해 해양자원에 대한 접근을 인정하고 보호하는 법/규제/정책/제도적인 프레임워크의 국가별 적용 단계에서의 진척도,
global_indicators:14-c-1-title,"대양과 그 자원의 보존 및 지속가능한 이용을 위해 법, 정책, 제도를 통해 유엔해양법협약에 반영되어 있는 것과 같이 국제법을 이행하기 위한 대양관련 장치를  비준, 적용하고 이행하는 과정에서 진전을 보이는 국가의 수",
global_indicators:15-1-1-title,총 육지면적중 산림 면적의 비율,
global_indicators:15-1-2-title,육상 및 담수 생물다양성을 위한 보호지역 지정 비율 (생태계 유형별),
global_indicators:15-2-1-title,지속가능한 산림경영 이행상황,
global_indicators:15-3-1-title,국토면적 대비 황폐화 지역 비율,
global_indicators:15-4-1-title,산림생물다양성 관련 중요 보호지역 면적,
global_indicators:15-4-2-title,산림피복 지수(Mountain Green Cover Index),
global_indicators:15-5-1-title,적색목록지수(Red list Index,
global_indicators:15-6-1-title,"공정하고  공평한 혜택 분배를 보장하기 위해 입법적, 행정적 그리고 정책적 프레임워크를 채택한 국가의 수",
global_indicators:15-7-1-title,불법적으로 거래되거나 밀렵된 야생생물의 거래 비율,
global_indicators:15-8-1-title,외래칩입종의 유입 예방과 통제를 위해 국가 차원의 법률과 적당한 수단을 채택하고 있는 국가의 비율,
global_indicators:15-9-1-title,「생물다양성 전략계획2011-2020」의 Aichi 타겟2에 따라 수립된 국가 목표의 진전도,
global_indicators:15-a-1-title,생물 다양성과 생태계 보존과 지속가능한 이용을 위한 ODA 및 공공지출,
global_indicators:15-b-1-title,생물 다양성과 생태계의 지속가능한 이용과 보존을 위한 ODA 및 공공지출,
global_indicators:15-c-1-title,불법적으로 거래되거나 밀렵된 야생생물의 거래 비율,
global_indicators:16-1-1-title,인구 10만명당 고의에 의한 살인범죄 피해자수의 성 및 연령별 현황,
global_indicators:16-1-2-title,"인구 10만명당 분쟁관련 사망자수의 성, 연령 및 사유별 현황",
global_indicators:16-1-3-title,"지난 12개월간 신체적, 정서적, 성적폭력에 노출된 인구비율",
global_indicators:16-1-4-title,살고 있는 동네를 홀로 걸을 때 안전하다고 느끼는 인구 비율,
global_indicators:16-10-1-title,"지난 12개월 동안 언론인, 관련 미디어 종사자, 노동조합원 및 인권운동가를 대상으로 한 살인, 납치, 실종, 강제구금 및 고문 건수",
global_indicators:16-10-2-title,"정보에 대한 대중의 접근을 보장하는 헌법, 법률, 정책을 채택하고 이행하는 국가의 수",
global_indicators:16-2-1-title,지난 1개월간 보호자로부터 체벌이나 심리적 위협을 경험한 적이 있는 1-17세 아동 비율,
global_indicators:16-2-2-title,"인구 10만명당 인신매매 피해자수의 성, 연령, 착취형태별 현황",
global_indicators:16-2-3-title,18-29세 성인 중 18세 이전에 성폭력을 당한 적이 있는 인구비율,
global_indicators:16-3-1-title,지난 12개월간 관할 당국 혹은 기타 공식적인 분쟁해결수단에 피해신고를 한 폭력범죄피해자 비율,
global_indicators:16-3-2-title,교도소 수용자 중 미결수 비율,
global_indicators:16-4-1-title,국내외 불법금융거래의 총 가액 (현 미국달러화 기준),
global_indicators:16-4-2-title,"압수,적발, 회수된 무기 중 국제법제에 따라 유관당국에 의해 불법성이 추적, 확인된  비율",
global_indicators:16-5-1-title,"지난 12개월 동안 공무원을 최소한 1회 이상 접촉하여 뇌물을 주었거나, 공무원으로부터 뇌물을 요구 받았던 인구 비율",
global_indicators:16-5-2-title,지난 12개월 동안 공무원을 최소한 1회 이상 접촉하여 뇌물을 주었거나 공무원으로부터 뇌물을 요구받았던 기업의 비율,
global_indicators:16-6-1-title,최초 승인된 예산 중  정부 주요 지출액의 부문별 또는 예산코드별 비율,
global_indicators:16-6-2-title,가장 최근에 경험한 공공서비스에 대해 만족하는 인구비율,
global_indicators:16-7-1-title,"국가전체 대비 공공기관(국가 및 지방 입법부, 행정부, 사법부) 내 성별, 연령, 장애여부 등 인구집단별 보직분포 비율",
global_indicators:16-7-2-title,"의사결정이 포용적이고 대응적이라고 생각하는 인구의 성별, 연령별, 장애 및 인구집단별 비율",
global_indicators:16-8-1-title,국제기구에서 개발도상국의 회원 및 투표권(voting rights) 비율,
global_indicators:16-9-1-title,5세미만 중 행정 당국에 출생 신고된 자의 연령별 비율,
global_indicators:16-a-1-title,파리원칙(Paris Principles)에 따른 독립적인 국가인권기구의 존재,
global_indicators:16-b-1-title,국제인권법 차별금지기준으로 지난 12개월 동안 차별 또는 괴롭힘을 당했다고 느꼈음을 보고한 인구의 비율,
global_indicators:17-1-1-title,17.1.1 GDP 중 정부 총수입이 차지하는 비율(항목별),
global_indicators:17-1-2-title,국내 세금으로 충당되는 정부예산의 비율,
global_indicators:17-10-1-title,국제 가중 관세 평균치,
global_indicators:17-11-1-title,전세계 수출에서 개도국 및 최빈개도국이 차지하는 비중,
global_indicators:17-12-1-title,"개발도상국, 최빈개도국 및 군소도서 개발국에 부과되는 평균 관세",
global_indicators:17-13-1-title,거시경제 관련 다양한 지표,
global_indicators:17-14-1-title,지속가능발전의 정책일관성을 증진하기 위해 메커니즘을 갖춘 국가의 수,
global_indicators:17-15-1-title,개발협력사업 공여자가 개발도상국 주도 성과체계 및 기획수단을 사용하는 정도,
global_indicators:17-16-1-title,SDGs 달성을 지원하기 위한 다자간 개발효과성 모니터링 프레임워크에서 진전을 보고한 국가의수,
global_indicators:17-17-1-title,민-관 및 시민단체 파트너십에 약정한 US달러 금액,
global_indicators:17-18-1-title,세부목표와 관련성이 있는 경우 공식통계의 기본원칙에 따라 국가적 단위에서 생산된 완전히 세분화된 지속가능발전 지표의 비율,
global_indicators:17-18-2-title,공식통계의 기본원칙을 준수하는 국가통계법령을 갖고 있는 국가의 수,
global_indicators:17-18-3-title,재원이 충분히 확보되어 이행되고 있는 국가통계계획을 가진 국가의 수 (재정지원 출처별),
global_indicators:17-19-1-title,개발도상국에서 통계역량 강화에 사용되는 모든 자원의 달러가치,
global_indicators:17-19-2-title,"지난 10년 동안 a)최소한 한 번의 인구주택총조사를 진행했고, b)100%의 출생등록과 80%의 사망등록을 달성한 국가의 비율",
global_indicators:17-2-1-title,OECD/개발 원조 위원회(DAC) 공여국의 국민총소득(GNI) 대비 1) 총 순ODA의 비율 2) LDC(최빈개도국)에 대한 순ODA 비율,
global_indicators:17-3-1-title,"총 정부예산 중 해외직접투자, ODA 및 남남협력의 비율",
global_indicators:17-3-2-title,총 GDP 중 송금액의 비율(미달러 기준),
global_indicators:17-4-1-title,재화 및 서비스 수출 대비 부채상환 비율,
global_indicators:17-5-1-title,최빈개도국을 위한 투자촉진제도를 채택하고 이행하는 국가의 수,
global_indicators:17-6-1-title,국가간 과학기술 협력을 위한 협정과 프로그램의 수 (협력 형태별),
global_indicators:17-6-2-title,인구 100명 당 유선 초고속인터넷 가입률 (속도별),
global_indicators:17-7-1-title,"개도국에 친환경 기술의 개발과 이전, 보급 및 확산을 촉진하기 위해 지원하는 총 승인 금액",
global_indicators:17-8-1-title,인터넷 이용자 비율,
global_indicators:17-9-1-title,"개발도상국에 지원하는 (남북, 남남, 삼각협력 포함) 재정 및 기술지원금액 (달러기준)",
global_indicators:2-1-1-title,영양부족인구비율,
global_indicators:2-1-2-title,식량불안경험척도 기준으로 중간 또는 심각한 수준의 식량불안경험인구비율,
global_indicators:2-2-1-title,5세 미만의 발육부진비율(연령대비 신장이 WHO 아동성장표준에서 해당 연령 아동신장 중위값으로부터 표준편차가 <–2 인 경우),
global_indicators:2-2-2-title,5세 미만의 영양불량비율(신장대비 체중이 WHO 아동성장표준에서 중위값으로부터 표준편차가 +2> 혹은 <-2인 경우),
global_indicators:2-3-1-title,"노동단위당 생산규모(농업, 축산업, 임업규모에 따른 계층별)",
global_indicators:2-3-2-title,소규모 식량 생산자의 평균 소득 (성 및  토착지위별),
global_indicators:2-4-1-title,생산적이고 지속가능한 농지면적 비율,
global_indicators:2-5-1-title,식량 및 농업을 위해 중장기 보존 시설에 확보되어 있는 동식물 유전자원의 수,
global_indicators:2-5-2-title,멸종위험수준에 따라 분류된 지역 종의 비율,
global_indicators:2-a-1-title,정부지출 대비 농업관련 지출 지수,
global_indicators:2-a-2-title,농업부문에 대한 공적지원금(ODA+다른 공적지원금),
global_indicators:2-b-1-title,농업수출보조금,
global_indicators:2-c-1-title,식품가격이상지표(food price anomalies),
global_indicators:3-1-1-title,모성사망비,
global_indicators:3-1-2-title,의료전문인력이 진료에 참여한 출산비율,
global_indicators:3-2-1-title,5세미만 사망률,
global_indicators:3-2-2-title,신생아 사망률,
global_indicators:3-3-1-title,비감염인구 1천명당 인체면역결핍바이러스(HIV) 감염자의 성·연령 및 주요 특성별 현황,
global_indicators:3-3-2-title,10만명당 결핵 발생건수,
global_indicators:3-3-3-title,1천명당 말라리아 발생건수,
global_indicators:3-3-4-title,10만명당 B형 간염 발생건수,
global_indicators:3-3-5-title,소외열대질환 치료가 필요한 인구수,
global_indicators:3-4-1-title,"심혈관계질환, 암, 당뇨 또는 만성호흡기 질환 사망률",
global_indicators:3-4-2-title,자살 사망률,
global_indicators:3-5-1-title,"약물장애 치료개입 (의약, 사회심리, 재활 및 사후관리 서비스)보장범위",
global_indicators:3-5-2-title,연간 1인당 순 알코올 소비량,
global_indicators:3-6-1-title,도로교통사고 사망률,
global_indicators:3-7-1-title,가족계획이 필요한 가임기 여성(15-49세) 중 현대적 피임방법 사용 비율,
global_indicators:3-7-2-title,"여성 청소년 (10-14세, 15-19세) 출산률",
global_indicators:3-8-1-title,필수 보건 서비스 보장범위,
global_indicators:3-8-2-title,가구 총지출 및 소득 대비 의료비과부담 인구 비율,
global_indicators:3-9-1-title,실내공기오염 및 대기오염으로 인한 사망률,
global_indicators:3-9-2-title,"안전하지 않은 물과 하수처리, 부족한 위생시설로 인한 사망률",
global_indicators:3-9-3-title,비의도적 중독 사망률,
global_indicators:3-a-1-title,연령표준화를 적용한 15세 이상 인구에서 현재 흡연률,
global_indicators:3-b-1-title,국가 정책에 포함된 모든 백신을 접종한 인구의 비율,
global_indicators:3-b-2-title,의학연구 및 기초보건부문에 대한 순ODA총액,
global_indicators:3-b-3-title,적당한 가격으로 필수 의약품을 지속적으로 구할 수 있는 의료시설 비율,
global_indicators:3-c-1-title,보건의료인력 밀도 및 분포,
global_indicators:3-d-1-title,국제보건규정(IHR)에 의한 수용능력 및 응급대처능력,
global_indicators:4-1-1-title,"(a) 초등학교 2학년 혹은 3학년 시점, (b) 초등학교 말 (c) 중학교 말에 (i) 읽기와 (ii) 수학분야에서 최소숙달수준에 도달한 아동 및 청소년의 성별 비율",
global_indicators:4-2-1-title,"건강, 학습 및 심리사회적 웰빙 측면에서  발달과정에 있는 5세미만의 성별 비율",
global_indicators:4-2-2-title,(정규 초등교육 입학연령이 되기 1년 전) 조직화된 학습 참여 성별 비율,
global_indicators:4-3-1-title,지난 12개월 동안 형식 및 비형식 교육· 훈련에 참여한 청소년 및 성인의 성별 비율,
global_indicators:4-4-1-title,기술유형별 정보통신기술(ICT) 능력을 보유한 청소년/성인의 비율,
global_indicators:4-5-1-title,"세분화할 수 있는 이 목록의 모든 지표 대상  형평성 지수(성, 도농, 소득분위, 데이터를 이용할 수 있는 경우 장애상태, 토착민, 분쟁영향 여부 등)",
global_indicators:4-6-1-title,특정 연령 집단에서 기능적 (a) 문해력과 (b) 수리력이 최소 일정 수준에 도달한 인구의 성별 비율,
global_indicators:4-7-1-title,성평등과 인권 등 (i) 세계시민교육 (ii)지속가능발전교육이 (a)국가교육정책 (b) 교육과정 (c) 교사교육 그리고 (d) 학생평가 등 모든 영역에서 주류화 정도,
global_indicators:4-a-1-title,"(a) 전기; (b) 교육 목적의 인터넷, (c) 교육목적의 컴퓨터; (d) 장애학생을 위한 설비와 자료 (e) 기초식수 (f) 남녀 구분 기초 위생시설;(g)(WASH 기준 부합) 기초손씻기 시설 등에 접근할 수 있는 학교 비율",
global_indicators:4-b-1-title,장학금의 공적개발원조(ODA) 금액의 연구부문 및 연구유형별 규모,
global_indicators:4-c-1-title,"(a)유아, (b)초등, ©중학교 및 (d)고등학교교사 중에서 국가가 요구하는 특정 수준 수업에 필요한 최소한의 체계화된 교원 교육 및 훈련을 임용 전 혹은 재직 중 받은 교사의 비율",
global_indicators:5-1-1-title,"성에 근거한 비차별과 평등을 증진, 집행 그리고 추적할 수 있는 법적체계 존재여부",
global_indicators:5-2-1-title,"파트너가 있(었)던 15세 이상의 여성과 여아  중 지난 12개월 동안 (현재 혹은 과거의) 친밀한 파트너로 부터 신체적, 성적, 정서적인 폭력을 당한 경험이 있는 인구의 연령별 및 폭력형태별 비율",
global_indicators:5-2-2-title,15세 이상의 여성과 여아 중에서 지난 12개월 동안 친밀한 파트너 이외에 다른 사람들로부터 성적 폭력을 당한 경험이 있는 인구의 연령별 및 사건발생장소별 비율,
global_indicators:5-3-1-title,20~24세 여성 중 15세 이전과 18세 이전에 결혼 또는 동거를 했던 비율,
global_indicators:5-3-2-title,15~49세 여아와 여성 중 여성성기절제(FGM/C)를 한 인구의 연령별 비율,
global_indicators:5-4-1-title,"무보수 가사노동 및 돌봄노동에 소요된 시간의 성별, 연령 및 지역별 비율",
global_indicators:5-5-1-title,(a)국회의 여성 의석 비율 (b) 지방정부의 여성 의석 비율,
global_indicators:5-5-2-title,여성 관리자 비율,
global_indicators:5-6-1-title,"성관계, 피임제 사용 및 생식보건에 대한 충분한 정보에 따라 스스로 의사결정을 하는 15-49세의 여성비율",
global_indicators:5-6-2-title,성 및 생식 보건에 대한 정보와 교육에 대해 15세 이상의 여성 및 남성의 완전하고 평등한 접근성을 보장하는 법과 제도가 마련된 국가의 수,
global_indicators:5-a-1-title,(a) 농경지에 대한 소유권 또는 확실한 권리를 가진 전체 농업인구의 비율 (성별) (b)농경지 소유자 또는 토지 관리권을 가진 사람 중 여성의 비율 (보유기간별),
global_indicators:5-a-2-title,토지소유나 통제에 대한 여성의 평등한 권리를 보장하는 법률적 기반(관습법을 포함)을 갖춘 국가의 비율,
global_indicators:5-b-1-title,휴대폰을 소유한 개인의 비율 (성별),
global_indicators:5-c-1-title,성평등과 여성의 권한강화를 위해 공공자원을 할당하고 추적하는 시스템을 갖춘 국가의 비율,
global_indicators:6-1-1-title,안전하게 관리되는 식수서비스를 이용하는 인구 비율,
global_indicators:6-2-1-title,비누와 물이 있는 손씻기 시설을 포함하여  안전하게 관리되는 위생서비스시설을 이용하는 인구 비율,
global_indicators:6-3-1-title,안전하게 처리되는 폐수의 비율,
global_indicators:6-3-2-title,주변 수질이 양호한 수계(bodies of water)의 비율,
global_indicators:6-4-1-title,시간에 따른 물 이용 효율성 변화,
global_indicators:6-4-2-title,물 스트레스 수준 - 이용가능한 담수 대비 취수 비율,
global_indicators:6-5-1-title,통합 수자원관리 이행 정도 (0-100),
global_indicators:6-5-2-title,물협력을 위한 운영협정을 맺고 있는 접경 지역 비율,
global_indicators:6-6-1-title,시간 경과에 따른 물 관련 생태계 규모의 변화,
global_indicators:6-a-1-title,정부의 지출계획에 포함되어 있는 물과 위생분야 관련 ODA 금액,
global_indicators:6-b-1-title,물 및 위생관리에 대한 지방 커뮤니티의  참여를 위한 확립된 행정적 정책과 절차를 갖추고 있는 지방행정단위의 비율,
global_indicators:7-1-1-title,전기 접근성을 갖고 있는 인구비율,
global_indicators:7-1-2-title,청정연료 및 기술에 주로 의존하는 인구비율,
global_indicators:7-2-1-title,최종 에너지 소비 중 재생에너지가 차지하는 비율,
global_indicators:7-3-1-title,1차 에너지와 GDP의 측면에서 측정한 에너지 집약도,
global_indicators:7-a-1-title,개도국의 하이브리드 시스템을 포함한 재생 에너지 및 청정에너지 연구 개발과 재생에너지생산을 지원하는 국제 자금 흐름,
global_indicators:7-b-1-title,지속가능한 발전 서비스 인프라와 기술에 대한 재정이전 분야에서의 해외 직접투자 금액과 에너지 효율성에 대한 투자 금액이 GDP에서 차지하는 비율,
global_indicators:8-1-1-title,1인당 실질 GDP의 연 성장률,
global_indicators:8-10-1-title,"성인 100,000명 당 상업은행 지점들과 ATM의 개수",
global_indicators:8-10-2-title,"은행이나 기타 금융기관, 혹은 모바일 금융서비스 제공자의 계좌를 보유하고 있는 (15세 이상) 성인인구 비율",
global_indicators:8-2-1-title,취업자 1인당 실질 GDP의 연 성장률,
global_indicators:8-3-1-title,비농업부문에서 비공식 고용율 (성별),
global_indicators:8-4-1-title,"총 및 1인당 물질발자국, GDP 대비 물질발자국",
global_indicators:8-4-2-title,"총 및 1인당 물질소비량, GDP 대비 물질소비량",
global_indicators:8-5-1-title,"여성과 남성 근로자의 평균 시간당 임금 (직업, 연령 및 장애별)",
global_indicators:8-5-2-title,"실업률 (성, 연령, 장애인별)",
global_indicators:8-6-1-title,"교육, 취업, 혹은 훈련 상태에 있지 않은 청소년(15-24세)의 비율",
global_indicators:8-7-1-title,5-17세 아동 중 아동노동인구와 비율(성 및 연령별),
global_indicators:8-8-1-title,치명적 및 비치명적 산업 재해 빈도율((성별 및 이주 상태별),
global_indicators:8-8-2-title,국제노동기구(ILO) 협약과 국내입법에 기초한 노동권(집회 및 단체교섭의 자유)의 국가별 준수 수준 (성 및 이주 상태별),
global_indicators:8-9-1-title,전체 GDP 및 성장률에 관광분야가 직접적으로 기여하는 GDP 비율,
global_indicators:8-9-2-title,전체 관광산업 일자리(jobs) 중 지속가능한 관광산업 분야 일자리 수의 비율,
global_indicators:8-a-1-title,무역원조(Aid for Trade) 약정 및 지불,
global_indicators:8-b-1-title,청년층 고용에 대한 국가 계획 개발 및 운영여부 – 별도 계획 혹은 국가 계획의 일부 인지 여부,
global_indicators:9-1-1-title,사계절 도로(all-season road) 2km 반경 내 거주하는 농촌인구비율,
global_indicators:9-1-2-title,승객 및 운송량  (교통수단별),
global_indicators:9-2-1-title,GDP 대비 및 1인 당 제조업 부가가치 비율,
global_indicators:9-2-2-title,총 고용 대비 제조업 고용 비율,
global_indicators:9-3-1-title,총 산업부가가치 중 소규모(small-scale) 산업 비율,
global_indicators:9-3-2-title,부채 혹은 신용한도가 있는 소규모 산업 비율,
global_indicators:9-4-1-title,부가가치 단위 당 이산화탄소 배출,
global_indicators:9-5-1-title,GDP 대비 연구개발비율,
global_indicators:9-5-2-title,거주자(inhabitants) 백만 명당 (전일제) 연구자 수,
global_indicators:9-a-1-title,인프라분야에 대한 국제사회의 총공적지원(ODA+기타공적자금),
global_indicators:9-b-1-title,총 부가가치 대비 중고급기술산업 부가가치 비율,
global_indicators:9.c.1-title,모바일네트워크 사용 인구 비율(기술별),
indicator:chart,Chart,Grafik
indicator:clear_all,Clear all,Auswahl aufheben
indicator:clear_selections,Clear selections,Auswahl aufheben
indicator:dataset_size_warning,There are too many datasets to show on the chart. Not all will be shown until you remove some selections.,Zu viele Zeitreihen ausgewählt um diese in einer Grafik darzustellen. Es können nicht alle Zeitreihen dargestellt werden
indicator:download_chart,Download Chart CSV,Grafik im CSV-Format speichern
indicator:download_chart_image,Download Chart Image,Grafik herunterladen
indicator:download_chart_image_title,Download chart as image,Grafik als Bild herunterladen
indicator:download_csv,Download CSV,im CSV-Format speichern
indicator:download_csv_title,Download as CSV,im CSV-Format speichern
indicator:download_headline,Download Headline CSV,Speichern der Headline im CSV-Format
indicator:download_headline_title,Download headline data as CSV,Speichern der Headline im CSV-Format
indicator:download_source,Download Source CSV,Daten im CSV-Format speichern
indicator:download_source_title,Download source data as CSV,Daten im CSV-Format speichern
indicator:download_table,Download Table CSV,Tabelle im CSV-Format speichern
indicator:edit,Edit,Bearbeiten
indicator:edit_data,Edit Data,Daten bearbeiten
indicator:edit_metadata,Edit Metadata,Metadaten bearbeiten
indicator:footnote,Footnote,Fußnote
indicator:geographical_area,Geographical Area,Geographische Abdeckung
indicator:global_metadata,Global Metadata,Globale Metadaten
indicator:global_metadata_blurb,"This table provides information on metadata for SDG indicators as defined by the UN Statistical Commission. <a href=""https://unstats.un.org/sdgs/metadata/"">Complete global metadata</a> is provided by the UN Statistics Division.","Diese Übersicht stellt Informationen zu den globalen Metadaten des jeweiligen SDG-Indikators bereit. Die <a href=""""https://unstats.un.org/sdgs/metadata/"""">globalen Metadaten</a> werden durch die Statistische Division der Vereinten Nationen bereitgestellt."
indicator:legend_help,Click on the legend to remove individual lines from the chart.,Klicken Sie auf die Legende um Zeitreihen aus der Grafik zu entfernen.
indicator:loading_map,Loading map,Karte wird geladen
indicator:map,Map,Karte
indicator:national_metadata,National Metadata,Nationale Metadaten
indicator:national_metadata_blurb,"This table provides metadata for the actual indicator available from %country_name statistics closest to the corresponding global SDG indicator. Please note that even when the global SDG indicator is fully available from %country_adjective statistics, this table should be consulted for information on national methodology and other %country_adjective-specific metadata information.","Im Folgenden werden Metadaten zu den national verfügbaren Zeitreihen für %country_name zum jeweiligen globalen SDG-Indikator bereitgestellt. Die angegebene Datenreihe ist die vergleichbarste, national verfügbare Zeitreihe. Entspricht die angezeigte Datenreihe voll den globalen Metadaten, so ist dennoch auf diese nationalen Metadaten für methodische sowie weitere länderspezifische Informationen hinzuweisen."
indicator:no_data_hint,No options available because of filters above,Aufgrund der bereits getroffenen Auswahl sind keine weiteren Auswahlmöglichkeiten verfügbar.
indicator:select_all,Select all,Alle auswählen
indicator:series_help,Choose categories from the dropdowns below to see different breakdowns of the data. Some will not be available until a higher level is chosen.,"Wählen Sie Disaggregationsdimensionen aus, damit die verfügbaren Disaggregationskategorien angezeigt werden. Manche werden erst angezeigt, sobald eine Überkategorie ausgewählt wird."
indicator:source,Source,Datenquelle
indicator:sources,Sources,Datenquellen
indicator:sub_categories,Sub-categories,Disaggregationsdimensionen
indicator:table,Table,Tabelle
indicator:unit_of_measurement,Unit of Measurement,Einheit
indicator:units_type,Units type,Einheit
indicator:variable_hint,Available when '%field' is selected,Verfügbar
indicator:view_indicator_list,View this goal's indicator list,Zeigt die Indikatorenliste zum SDG-Ziel an.
menu:about,소개,Über uns
menu:contact_us,Contact us,Kontakt
menu:cookies,Cookies,Cookies
menu:faq,FAQ,FAQ
menu:guidance,매뉴얼,Technische Hinweise
menu:menu,메뉴,Menü
menu:publications,참고자료,Veröffentlichungen
menu:reporting_status,지표 작성 현황,Berichtsstatus
search:found_in,found in,gefunden unter
search:indicator_search,검색어를 입력해 주세요.,Indikatorensuche
search:keywords,키워드,Schlagworte
search:no_results,검색 결과가 없습니다.,Keine Ergebnisse
search:search,검색,Suche
search:search_results_for,검색 결과,Ergebnisse zu
metadata_fields:comments_limitations,비고,Weitere Informationen
metadata_fields:computation_calculations,산식,Methodik
metadata_fields:computation_definitions,정의,Definitionen
metadata_fields:computation_units,단위,Einheit
metadata_fields:goal_meta_link,UN 메타데이터 링크,Link zu den globalen Metadaten
metadata_fields:indicator,지표 번호,Indikatorennummerierung
metadata_fields:indicator_definition,지표 상세 설명,Globale Indikatorenbeschreibung
metadata_fields:indicator_name,지표명,Indikatorenbezeichnung
metadata_fields:indicator_sort_order,지표 정렬 번호,Indikatorenreihenfolge (in der Zielübersicht)
metadata_fields:national_data_update_url,데이터 갱신 이력,Daten zuletzt aktualisiert am
metadata_fields:national_geographical_coverage,지역적 범위,Geographische Abdeckung
metadata_fields:national_indicator_available,지표 가용성,Verfügbare Datenreihenbezeichnung
metadata_fields:national_indicator_description,지표 상세 설명,Indikatorenbeschreibung
metadata_fields:national_metadata_update_url,메타데이터 갱신 이력,Metadaten zuletzt aktualisiert am
metadata_fields:source_contact_1,연락처,Kontaktinformationen
metadata_fields:source_contact_2,연락처,Kontaktinformationen
metadata_fields:source_contact_3,연락처,Kontaktinformationen
metadata_fields:source_contact_4,연락처,Kontaktinformationen
metadata_fields:source_contact_5,연락처,Kontaktinformationen
metadata_fields:source_contact_6,연락처,Kontaktinformationen
metadata_fields:source_earliest_available_1,최초 공표,Daten verfügbar seit
metadata_fields:source_earliest_available_2,최초 공표,Daten verfügbar seit
metadata_fields:source_earliest_available_3,최초 공표,Daten verfügbar seit
metadata_fields:source_earliest_available_4,최초 공표,Daten verfügbar seit
metadata_fields:source_earliest_available_5,최초 공표,Daten verfügbar seit
metadata_fields:source_earliest_available_6,최초 공표,Daten verfügbar seit
metadata_fields:source_geographical_coverage_1,지역적 범위,Geographische Abdeckung
metadata_fields:source_geographical_coverage_2,지역적 범위,Geographische Abdeckung
metadata_fields:source_geographical_coverage_3,지역적 범위,Geographische Abdeckung
metadata_fields:source_geographical_coverage_4,지역적 범위,Geographische Abdeckung
metadata_fields:source_geographical_coverage_5,지역적 범위,Geographische Abdeckung
metadata_fields:source_geographical_coverage_6,지역적 범위,Geographische Abdeckung
metadata_fields:source_next_release_1,다음 공표일,Nächste Veröffentlichung am
metadata_fields:source_next_release_2,다음 공표일,Nächste Veröffentlichung am
metadata_fields:source_next_release_3,다음 공표일,Nächste Veröffentlichung am
metadata_fields:source_next_release_4,다음 공표일,Nächste Veröffentlichung am
metadata_fields:source_next_release_5,다음 공표일,Nächste Veröffentlichung am
metadata_fields:source_next_release_6,다음 공표일,Nächste Veröffentlichung am
metadata_fields:source_organisation_1,작성기관,Organisation
metadata_fields:source_organisation_2,작성기관,Organisation
metadata_fields:source_organisation_3,작성기관,Organisation
metadata_fields:source_organisation_4,작성기관,Organisation
metadata_fields:source_organisation_5,작성기관,Organisation
metadata_fields:source_organisation_6,작성기관,Organisation
metadata_fields:source_other_info_1,비고,Weitere Informationen
metadata_fields:source_other_info_2,비고,Weitere Informationen
metadata_fields:source_other_info_3,비고,Weitere Informationen
metadata_fields:source_other_info_4,비고,Weitere Informationen
metadata_fields:source_other_info_5,비고,Weitere Informationen
metadata_fields:source_other_info_6,비고,Weitere Informationen
metadata_fields:source_periodicity_1,작성주기,Periodizität
metadata_fields:source_periodicity_2,작성주기,Periodizität
metadata_fields:source_periodicity_3,작성주기,Periodizität
metadata_fields:source_periodicity_4,작성주기,Periodizität
metadata_fields:source_periodicity_5,작성주기,Periodizität
metadata_fields:source_periodicity_6,작성주기,Periodizität
metadata_fields:source_release_date_1,공표일,Veröffentlichungsdatum
metadata_fields:source_release_date_2,공표일,Veröffentlichungsdatum
metadata_fields:source_release_date_3,공표일,Veröffentlichungsdatum
metadata_fields:source_release_date_4,공표일,Veröffentlichungsdatum
metadata_fields:source_release_date_5,공표일,Veröffentlichungsdatum
metadata_fields:source_release_date_6,공표일,Veröffentlichungsdatum
metadata_fields:source_statistical_classification_1,통계분류, Datentyp
metadata_fields:source_statistical_classification_2,통계분류,Datentyp
metadata_fields:source_statistical_classification_3,통계분류,Datentyp
metadata_fields:source_statistical_classification_4,통계분류,Datentyp
metadata_fields:source_statistical_classification_5,통계분류,Datentyp
metadata_fields:source_statistical_classification_6,통계분류,Datentyp
metadata_fields:source_url_1,출처 링크,Link zur Datenquelle
metadata_fields:source_url_2,출처 링크,Link zur Datenquelle
metadata_fields:source_url_3,출처 링크,Link zur Datenquelle
metadata_fields:source_url_4,출처 링크,Link zur Datenquelle
metadata_fields:source_url_5,출처 링크,Link zur Datenquelle
metadata_fields:source_url_6,출처 링크,Link zur Datenquelle
metadata_fields:target,세부목표명,Unterziel
metadata_fields:target_id,세부목표 번호,Unterzielnummerierung
metadata_fields:un_custodian_agency,소관 국제기구,VN Custodian Agency
metadata_fields:un_designated_tier,티어(Tier),VN Tier Klassifikation
frontpage:heading,[테스트 중입니다] 한국의 SDGs 지표,%name daten zu den Indikatoren der Ziele für nachhaltige Entwicklung
frontpage:instructions,"지표별 상세 데이터를 확인하시려면, 아래 아이콘을 클릭하거나 %before_link 검색창 %after_link 을 이용하시기 바랍니다.",Klicken Sie auf die einzelnen Ziele um zu den Daten zu den Daten zu den Indikatoren der Ziele für nachhaltige Entwicklung für %name zu gelangen. Oder %before_link suchen %after_link Sie gezielt nach spezifischenThemen.
