key,en,blank
post:posts_by_category,Posts by Category,
post:view_all_in_category,View all posts in the %category_name category,
indicator:chart,그래프,
indicator:clear_all,모두 취소,
indicator:clear_selections,초기화,
indicator:dataset_size_warning,너무 많은 항목이 선택되었습니다. 선택을 취소해 주시기 바랍니다.,
indicator:download_chart,그래프 CSV 내려받기,
indicator:download_chart_image,그래프 이미지 내려받기,
indicator:download_chart_image_title,그래프 이미지 내려받기,
indicator:download_csv,CSV 내려받기,
indicator:download_csv_title,CSV 내려받기,
indicator:download_headline,Download Headline CSV,
indicator:download_headline_title,Download headline data as CSV,
indicator:download_source,출처 CSV 내려받기,
indicator:download_source_title,출처 CSV 내려받기,
indicator:download_table,표 CSV 내려받기,
indicator:edit,자료 수정,
indicator:edit_data,데이터 수정,
indicator:edit_metadata,메타데이터 수정,
indicator:footnote,주석,
indicator:geographical_area,지역,
indicator:global_metadata,UN 메타데이터,
indicator:global_metadata_blurb,,
indicator:legend_help,범례의 개별 항목을 클릭하면 해당 항목을 그래프에서 삭제하실 수 있습니다.,
indicator:loading_map,지도를 불어오고 있습니다.,
indicator:map,지도,
indicator:national_metadata,통계설명자료,
indicator:national_metadata_blurb,,
indicator:no_data_hint,No options available because of filters above,
indicator:select_all,모두 선택,
indicator:series_help,상세한 정보를 원하시는 세부 항목을 아래에서 선택해 주시기 바랍니다.,
indicator:source,출처,
indicator:sources,출처 정보,
indicator:sub_categories,세부 항목,
indicator:table,표,
indicator:unit_of_measurement,단위,
indicator:units_type,Units type,
indicator:variable_hint,먼저 '%field' 항목을 선택해 주시기 바랍니다.,
indicator:view_indicator_list,View this goal's indicator list,
global_goals:1-short,Zero hunger,
global_goals:1-title,"End hunger, achieve food security and improved nutrition and promote sustainable agriculture",
global_goals:10-short,Reduced inequalities,
global_goals:10-title,Reduce inequality within and among countries,
global_goals:11-short,Sustainable cities & communities,
global_goals:11-title,"Make cities and human settlements inclusive, safe, resilient and sustainable",
global_goals:12-short,Responsible consumption and production,
global_goals:12-title,Ensure sustainable consumption and production patterns,
global_goals:13-short,Climate action,
global_goals:13-title,Take urgent action to combat climate change and its impacts,
global_goals:14-short,Life below water,
global_goals:14-title,"Conserve and sustainably use the oceans, seas and marine resources for sustainable development",
global_goals:15-short,Life on land,
global_goals:15-title,"Protect, restore and promote sustainable use of terrestrial ecosystems, sustainably manage forests, combat desertification, and halt and reverse land degradation and halt biodiversity loss",
global_goals:16-short,Peace and justice - strong institutions,
global_goals:16-title,"Promote peaceful and inclusive societies for sustainable development, provide access to justice for all and build effective, accountable and inclusive institutions at all levels",
global_goals:17-short,Partnerships for the goals,
global_goals:17-title,Strengthen the means of implementation and revitalize the Global Partnership for Sustainable Development,
global_goals:2-short,Zero hunger,
global_goals:2-title,"End hunger, achieve food security and improved nutrition and promote sustainable agriculture",
global_goals:3-short,Good health and well-being,
global_goals:3-title,Ensure healthy lives and promote well-being for all at all ages,
global_goals:4-short,Quality education,
global_goals:4-title,Ensure inclusive and equitable quality education and promote lifelong learning opportunities for all,
global_goals:5-short,Gender equality,
global_goals:5-title,Achieve gender equality and empower all women and girls,
global_goals:6-short,Clean water and sanitation,
global_goals:6-title,Ensure availability and sustainable management of water and sanitation for all,
global_goals:7-short,Affordable and clean energy,
global_goals:7-title,"Ensure access to affordable, reliable, sustainable and modern energy for all",
global_goals:8-short,Decent jobs and economic growth,
global_goals:8-title,"Promote sustained, inclusive and sustainable economic growth, full and productive employment and decent work for all",
global_goals:9-short,"Industry, innovation and infrastructure",
global_goals:9-title,"Build resilient infrastructure, promote inclusive and sustainable industrialization and foster innovation",
global_targets:1-1-title,Target TEST,
global_targets:1-2-title,"By 2030, reduce at least by half the proportion of men, women and children of all ages living in poverty in all its dimensions according to national definitions",
global_targets:1-3-title,"Implement nationally appropriate social protection systems and measures for all, including floors, and by 2030 achieve substantial coverage of the poor and the vulnerable",
global_targets:1-4-title,"By 2030, ensure that all men and women, in particular the poor and the vulnerable, have equal rights to economic resources, as well as access to basic services, ownership and control over land and other forms of property, inheritance, natural resources, appropriate new technology and financial services, including microfinance",
global_targets:1-5-title,"By 2030, build the resilience of the poor and those in vulnerable situations and reduce their exposure and vulnerability to climate-related extreme events and other economic, social and environmental shocks and disasters",
global_targets:1-a-title,"Ensure significant mobilization of resources from a variety of sources, including through enhanced development cooperation, in order to provide adequate and predictable means for developing countries, in particular least developed countries, to implement programmes and policies to end poverty in all its dimensions",
global_targets:1-b-title,"Create sound policy frameworks at the national, regional and international levels, based on pro-poor and gender-sensitive development strategies, to support accelerated investment in poverty eradication actions",
global_targets:10-1-title,"By 2030, progressively achieve and sustain income growth of the bottom 40 per cent of the population at a rate higher than the national average",
global_targets:10-2-title,"By 2030, empower and promote the social, economic and political inclusion of all, irrespective of age, sex, disability, race, ethnicity, origin, religion or economic or other status",
global_targets:10-3-title,"Ensure equal opportunity and reduce inequalities of outcome, including by eliminating discriminatory laws, policies and practices and promoting appropriate legislation, policies and action in this regard",
global_targets:10-4-title,"Adopt policies, especially fiscal, wage and social protection policies, and progressively achieve greater equality",
global_targets:10-5-title,Improve the regulation and monitoring of global financial markets and institutions and strengthen the implementation of such regulations,
global_targets:10-6-title,"Ensure enhanced representation and voice for developing countries in decision-making in global international economic and financial institutions in order to deliver more effective, credible, accountable and legitimate institutions",
global_targets:10-7-title,"Facilitate orderly, safe, regular and responsible migration and mobility of people, including through the implementation of planned and well-managed migration policies",
global_targets:10-a-title,"Implement the principle of special and differential treatment for developing countries, in particular least developed countries, in accordance with World Trade Organization agreements",
global_targets:10-b-title,"Encourage official development assistance and financial flows, including foreign direct investment, to States where the need is greatest, in particular least developed countries, African countries, small island developing States and landlocked developing countries, in accordance with their national plans and programmes",
global_targets:10-c-title,"By 2030, reduce to less than 3 per cent the transaction costs of migrant remittances and eliminate remittance corridors with costs higher than 5 per cent",
global_targets:11-1-title,"By 2030, ensure access for all to adequate, safe and affordable housing and basic services and upgrade slums",
global_targets:11-2-title,"By 2030, provide access to safe, affordable, accessible and sustainable transport systems for all, improving road safety, notably by expanding public transport, with special attention to the needs of those in vulnerable situations, women, children, persons with disabilities and older persons",
global_targets:11-3-title,"By 2030, enhance inclusive and sustainable urbanization and capacity for participatory, integrated and sustainable human settlement planning and management in all countries",
global_targets:11-4-title,Strengthen efforts to protect and safeguard the world’s cultural and natural heritage,
global_targets:11-5-title,"By 2030, significantly reduce the number of deaths and the number of people affected and substantially decrease the direct economic losses relative to global gross domestic product caused by disasters, including water-related disasters, with a focus on protecting the poor and people in vulnerable situations",
global_targets:11-6-title,"By 2030, reduce the adverse per capita environmental impact of cities, including by paying special attention to air quality and municipal and other waste management",
global_targets:11-7-title,"By 2030, provide universal access to safe, inclusive and accessible, green and public spaces, in particular for women and children, older persons and persons with disabilities",
global_targets:11-a-title,"Support positive economic, social and environmental links between urban, peri-urban and rural areas by strengthening national and regional development planning",
global_targets:11-b-title,"By 2020, substantially increase the number of cities and human settlements adopting and implementing integrated policies and plans towards inclusion, resource efficiency, mitigation and adaptation to climate change, resilience to disasters, and develop and implement, in line with the Sendai Framework for Disaster Risk Reduction 2015–2030, holistic disaster risk management at all levels",
global_targets:11-c-title,"Support least developed countries, including through financial and technical assistance, in building sustainable and resilient buildings utilizing local materials",
global_targets:12-1-title,"Implement the 10‐Year Framework of Programmes on Sustainable Consumption and Production Patterns, all countries taking action, with developed countries taking the lead, taking into account the development and capabilities of developing countries",
global_targets:12-2-title,"By 2030, achieve the sustainable management and efficient use of natural resources",
global_targets:12-3-title,"By 2030, halve per capita global food waste at the retail and consumer levels and reduce food losses along production and supply chains, including post-harvest losses",
global_targets:12-4-title,"By 2020, achieve the environmentally sound management of chemicals and all wastes throughout their life cycle, in accordance with agreed international frameworks, and significantly reduce their release to air, water and soil in order to minimize their adverse impacts on human health and the environment",
global_targets:12-5-title,"By 2030, substantially reduce waste generation through prevention, reduction, recycling and reuse",
global_targets:12-6-title,"Encourage companies, especially large and transnational companies, to adopt sustainable practices and to integrate sustainability information into their reporting cycle",
global_targets:12-7-title,"Promote public procurement practices that are sustainable, in accordance with national policies and priorities",
global_targets:12-8-title,"By 2030, ensure that people everywhere have the relevant information and awareness for sustainable development and lifestyles in harmony with nature",
global_targets:12-a-title,Support developing countries to strengthen their scientific and technological capacity to move towards more sustainable patterns of consumption and production,
global_targets:12-b-title,Develop and implement tools to monitor sustainable development impacts for sustainable tourism that creates jobs and promotes local culture and products,
global_targets:12-c-title,"Rationalize inefficient fossil-fuel subsidies that encourage wasteful consumption by removing market distortions, in accordance with national circumstances, including by restructuring taxation and phasing out those harmful subsidies, where they exist, to reflect their environmental impacts, taking fully into account the specific needs and conditions of developing countries and minimizing the possible adverse impacts on their development in a manner that protects the poor and the affected communities",
global_targets:13-1-title,Strengthen resilience and adaptive capacity to climate-related hazards and natural disasters in all countries,
global_targets:13-2-title,"Integrate climate change measures into national policies, strategies and planning",
global_targets:13-3-title,"Improve education, awareness-raising and human and institutional capacity on climate change mitigation, adaptation, impact reduction and early warning",
global_targets:13-a-title,Implement the commitment undertaken by developed-country parties to the United Nations Framework Convention on Climate Change to a goal of mobilizing jointly $100 billion annually by 2020 from all sources to address the needs of developing countries in the context of meaningful mitigation actions and transparency on implementation and fully operationalize the Green Climate Fund through its capitalization as soon as possible,
global_targets:13-b-title,"Promote mechanisms for raising capacity for effective climate change-related planning and management in least developed countries and small island developing States, including focusing on women, youth and local and marginalized communities",
global_targets:14-1-title,"By 2025, prevent and significantly reduce marine pollution of all kinds, in particular from land-based activities, including marine debris and nutrient pollution",
global_targets:14-2-title,"By 2020, sustainably manage and protect marine and coastal ecosystems to avoid significant adverse impacts, including by strengthening their resilience, and take action for their restoration in order to achieve healthy and productive oceans",
global_targets:14-3-title,"Minimize and address the impacts of ocean acidification, including through enhanced scientific cooperation at all levels",
global_targets:14-4-title,"By 2020, effectively regulate harvesting and end overfishing, illegal, unreported and unregulated fishing and destructive fishing practices and implement science-based management plans, in order to restore fish stocks in the shortest time feasible, at least to levels that can produce maximum sustainable yield as determined by their biological characteristics",
global_targets:14-5-title,"By 2020, conserve at least 10 per cent of coastal and marine areas, consistent with national and international law and based on the best available scientific information",
global_targets:14-6-title,"By 2020, prohibit certain forms of fisheries subsidies which contribute to overcapacity and overfishing, eliminate subsidies that contribute to illegal, unreported and unregulated fishing and refrain from introducing new such subsidies, recognizing that appropriate and effective special and differential treatment for developing and least developed countries should be an integral part of the World Trade Organization fisheries subsidies negotiation",
global_targets:14-7-title,"By 2030, increase the economic benefits to small island developing States and least developed countries from the sustainable use of marine resources, including through sustainable management of fisheries, aquaculture and tourism",
global_targets:14-a-title,"Increase scientific knowledge, develop research capacity and transfer marine technology, taking into account the Intergovernmental Oceanographic Commission Criteria and Guidelines on the Transfer of Marine Technology, in order to improve ocean health and to enhance the contribution of marine biodiversity to the development of developing countries, in particular small island developing States and least developed countries",
global_targets:14-b-title,Provide access for small-scale artisanal fishers to marine resources and markets,
global_targets:14-c-title,"Enhance the conservation and sustainable use of oceans and their resources by implementing international law as reflected in the United Nations Convention on the Law of the Sea, which provides the legal framework for the conservation and sustainable use of oceans and their resources, as recalled in paragraph 158 of “The future we want”",
global_targets:15-1-title,"By 2020, ensure the conservation, restoration and sustainable use of terrestrial and inland freshwater ecosystems and their services, in particular forests, wetlands, mountains and drylands, in line with obligations under international agreements",
global_targets:15-2-title,"By 2020, promote the implementation of sustainable management of all types of forests, halt deforestation, restore degraded forests and substantially increase afforestation and reforestation globally",
global_targets:15-3-title,"By 2030, combat desertification, restore degraded land and soil, including land affected by desertification, drought and floods, and strive to achieve a land degradation-neutral world",
global_targets:15-4-title,"By 2030, ensure the conservation of mountain ecosystems, including their biodiversity, in order to enhance their capacity to provide benefits that are essential for sustainable development",
global_targets:15-5-title,"Take urgent and significant action to reduce the degradation of natural habitats, halt the loss of biodiversity and, by 2020, protect and prevent the extinction of threatened species",
global_targets:15-6-title,"Promote fair and equitable sharing of the benefits arising from the utilization of genetic resources and promote appropriate access to such resources, as internationally agreed",
global_targets:15-7-title,Take urgent action to end poaching and trafficking of protected species of flora and fauna and address both demand and supply of illegal wildlife products,
global_targets:15-8-title,"By 2020, introduce measures to prevent the introduction and significantly reduce the impact of invasive alien species on land and water ecosystems and control or eradicate the priority species",
global_targets:15-9-title,"By 2020, integrate ecosystem and biodiversity values into national and local planning, development processes, poverty reduction strategies and accounts",
global_targets:15-a-title,Mobilize and significantly increase financial resources from all sources to conserve and sustainably use biodiversity and ecosystems,
global_targets:15-b-title,"Mobilize significant resources from all sources and at all levels to finance sustainable forest management and provide adequate incentives to developing countries to advance such management, including for conservation and reforestation",
global_targets:15-c-title,"Enhance global support for efforts to combat poaching and trafficking of protected species, including by increasing the capacity of local communities to pursue sustainable livelihood opportunities",
global_targets:16-1-title,Significantly reduce all forms of violence and related death rates everywhere,
global_targets:16-10-title,"Ensure public access to information and protect fundamental freedoms, in accordance with national legislation and international agreements",
global_targets:16-2-title,"End abuse, exploitation, trafficking and all forms of violence against and torture of children",
global_targets:16-3-title,Promote the rule of law at the national and international levels and ensure equal access to justice for all,
global_targets:16-4-title,"By 2030, significantly reduce illicit financial and arms flows, strengthen the recovery and return of stolen assets and combat all forms of organized crime",
global_targets:16-5-title,Substantially reduce corruption and bribery in all their forms,
global_targets:16-6-title,"Develop effective, accountable and transparent institutions at all levels",
global_targets:16-7-title,"Ensure responsive, inclusive, participatory and representative decision-making at all levels",
global_targets:16-8-title,Broaden and strengthen the participation of developing countries in the institutions of global governance,
global_targets:16-9-title,"By 2030, provide legal identity for all, including birth registration",
global_targets:16-a-title,"Strengthen relevant national institutions, including through international cooperation, for building capacity at all levels, in particular in developing countries, to prevent violence and combat terrorism and crime",
global_targets:16-b-title,Promote and enforce non-discriminatory laws and policies for sustainable development,
global_targets:17-1-title,"Strengthen domestic resource mobilization, including through international support to developing countries, to improve domestic capacity for tax and other revenue collection",
global_targets:17-10-title,"Promote a universal, rules-based, open, non‐discriminatory and equitable multilateral trading system under the World Trade Organization, including through the conclusion of negotiations under its Doha Development Agenda",
global_targets:17-11-title,"Significantly increase the exports of developing countries, in particular with a view to doubling the least developed countries’ share of global exports by 2020",
global_targets:17-12-title,"Realize timely implementation of duty-free and quota-free market access on a lasting basis for all least developed countries, consistent with World Trade Organization decisions, including by ensuring that preferential rules of origin applicable to imports from least developed countries are transparent and simple, and contribute to facilitating market access",
global_targets:17-13-title,"Enhance global macroeconomic stability, including through policy coordination and policy coherence",
global_targets:17-14-title,Enhance policy coherence for sustainable development,
global_targets:17-15-title,Respect each country’s policy space and leadership to establish and implement policies for poverty eradication and sustainable development,
global_targets:17-16-title,"Enhance the Global Partnership for Sustainable Development, complemented by multi-stakeholder partnerships that mobilize and share knowledge, expertise, technology and financial resources, to support the achievement of the Sustainable Development Goals in all countries, in particular developing countries",
global_targets:17-17-title,"Encourage and promote effective public, public-private and civil society partnerships, building on the experience and resourcing strategies of partnerships",
global_targets:17-18-title,"By 2020, enhance capacity-building support to developing countries, including for least developed countries and small island developing States, to increase significantly the availability of high-quality, timely and reliable data disaggregated by income, gender, age, race, ethnicity, migratory status, disability, geographic location and other characteristics relevant in national contexts",
global_targets:17-19-title,"By 2030, build on existing initiatives to develop measurements of progress on sustainable development that complement gross domestic product, and support statistical capacity-building in developing countries",
global_targets:17-2-title,"Developed countries to implement fully their official development assistance commitments, including the commitment by many developed countries to achieve the target of 0.7 per cent of gross national income for official development assistance (ODA/GNI) to developing countries and 0.15 to 0.20 per cent of ODA/GNI to least developed countries; ODA providers are encouraged to consider setting a target to provide at least 0.20 per cent of ODA/GNI to least developed countries",
global_targets:17-3-title,Mobilize additional financial resources for developing countries from multiple sources,
global_targets:17-4-title,"Assist developing countries in attaining long-term debt sustainability through coordinated policies aimed at fostering debt financing, debt relief and debt restructuring, as appropriate, and address the external debt of highly indebted poor countries to reduce debt distress",
global_targets:17-5-title,Adopt and implement investment promotion regimes for least developed countries,
global_targets:17-6-title,"Enhance North-South, South-South and triangular regional and international cooperation on and access to science, technology and innovation and enhance knowledge-sharing on mutually agreed terms, including through improved coordination among existing mechanisms, in particular at the United Nations level, and through a global technology facilitation mechanism",
global_targets:17-7-title,"Promote the development, transfer, dissemination and diffusion of environmentally sound technologies to developing countries on favourable terms, including on concessional and preferential terms, as mutually agreed",
global_targets:17-8-title,"Fully operationalize the technology bank and science, technology and innovation capacity-building mechanism for least developed countries by 2017 and enhance the use of enabling technology, in particular information and communications technology",
global_targets:17-9-title,"Enhance international support for implementing effective and targeted capacity-building in developing countries to support national plans to implement all the Sustainable Development Goals, including through North-South, South-South and triangular cooperation",
global_targets:2-1-title,"By 2030, end hunger and ensure access by all people, in particular the poor and people in vulnerable situations, including infants, to safe, nutritious and sufficient food all year round",
global_targets:2-2-title,"By 2030, end all forms of malnutrition, including achieving, by 2025, the internationally agreed targets on stunting and wasting in children under 5 years of age, and address the nutritional needs of adolescent girls, pregnant and lactating women and older persons",
global_targets:2-3-title,"By 2030, double the agricultural productivity and incomes of small-scale food producers, in particular women, indigenous peoples, family farmers, pastoralists and fishers, including through secure and equal access to land, other productive resources and inputs, knowledge, financial services, markets and opportunities for value addition and non-farm employment",
global_targets:2-4-title,"By 2030, ensure sustainable food production systems and implement resilient agricultural practices that increase productivity and production, that help maintain ecosystems, that strengthen capacity for adaptation to climate change, extreme weather, drought, flooding and other disasters and that progressively improve land and soil quality",
global_targets:2-5-title,"By 2020, maintain the genetic diversity of seeds, cultivated plants and farmed and domesticated animals and their related wild species, including through soundly managed and diversified seed and plant banks at the national, regional and international levels, and promote access to and fair and equitable sharing of benefits arising from the utilization of genetic resources and associated traditional knowledge, as internationally agreed",
global_targets:2-a-title,"Increase investment, including through enhanced international cooperation, in rural infrastructure, agricultural research and extension services, technology development and plant and livestock gene banks in order to enhance agricultural productive capacity in developing countries, in particular least developed countries",
global_targets:2-b-title,"Correct and prevent trade restrictions and distortions in world agricultural markets, including through the parallel elimination of all forms of agricultural export subsidies and all export measures with equivalent effect, in accordance with the mandate of the Doha Development Round",
global_targets:2-c-title,"Adopt measures to ensure the proper functioning of food commodity markets and their derivatives and facilitate timely access to market information, including on food reserves, in order to help limit extreme food price volatility",
global_targets:3-1-title,"By 2030, reduce the global maternal mortality ratio to less than 70 per 100,000 live births",
global_targets:3-2-title,"By 2030, end preventable deaths of newborns and children under 5 years of age, with all countries aiming to reduce neonatal mortality to at least as low as 12 per 1,000 live births and under‐5 mortality to at least as low as 25 per 1,000 live births",
global_targets:3-3-title,"By 2030, end the epidemics of AIDS, tuberculosis, malaria and neglected tropical diseases and combat hepatitis, water-borne diseases and other communicable diseases",
global_targets:3-4-title,"By 2030, reduce by one third premature mortality from non-communicable diseases through prevention and treatment and promote mental health and well-being",
global_targets:3-5-title,"Strengthen the prevention and treatment of substance abuse, including narcotic drug abuse and harmful use of alcohol",
global_targets:3-6-title,"By 2020, halve the number of global deaths and injuries from road traffic accidents",
global_targets:3-7-title,"By 2030, ensure universal access to sexual and reproductive health-care services, including for family planning, information and education, and the integration of reproductive health into national strategies and programmes",
global_targets:3-8-title,"Achieve universal health coverage, including financial risk protection, access to quality essential health-care services and access to safe, effective, quality and affordable essential medicines and vaccines for all",
global_targets:3-9-title,"By 2030, substantially reduce the number of deaths and illnesses from hazardous chemicals and air, water and soil pollution and contamination",
global_targets:3-a-title,"Strengthen the implementation of the World Health Organization Framework Convention on Tobacco Control in all countries, as appropriate",
global_targets:3-b-title,"Support the research and development of vaccines and medicines for the communicable and non‐communicable diseases that primarily affect developing countries, provide access to affordable essential medicines and vaccines, in accordance with the Doha Declaration on the TRIPS Agreement and Public Health, which affirms the right of developing countries to use to the full the provisions in the Agreement on Trade-Related Aspects of Intellectual Property Rights regarding flexibilities to protect public health, and, in particular, provide access to medicines for all",
global_targets:3-c-title,"Substantially increase health financing and the recruitment, development, training and retention of the health workforce in developing countries, especially in least developed countries and small island developing States",
global_targets:3-d-title,"Strengthen the capacity of all countries, in particular developing countries, for early warning, risk reduction and management of national and global health risks",
global_targets:4-1-title,"By 2030, ensure that all girls and boys complete free, equitable and quality primary and secondary education leading to relevant and effective learning outcomes",
global_targets:4-2-title,"By 2030, ensure that all girls and boys have access to quality early childhood development, care and pre‐primary education so that they are ready for primary education",
global_targets:4-3-title,"By 2030, ensure equal access for all women and men to affordable and quality technical, vocational and tertiary education, including university",
global_targets:4-4-title,"By 2030, substantially increase the number of youth and adults who have relevant skills, including technical and vocational skills, for employment, decent jobs and entrepreneurship",
global_targets:4-5-title,"By 2030, eliminate gender disparities in education and ensure equal access to all levels of education and vocational training for the vulnerable, including persons with disabilities, indigenous peoples and children in vulnerable situations",
global_targets:4-6-title,"By 2030, ensure that all youth and a substantial proportion of adults, both men and women, achieve literacy and numeracy",
global_targets:4-7-title,"By 2030, ensure that all learners acquire the knowledge and skills needed to promote sustainable development, including, among others, through education for sustainable development and sustainable lifestyles, human rights, gender equality, promotion of a culture of peace and non-violence, global citizenship and appreciation of cultural diversity and of culture’s contribution to sustainable development",
global_targets:4-a-title,"Build and upgrade education facilities that are child, disability and gender sensitive and provide safe, non-violent, inclusive and effective learning environments for all",
global_targets:4-b-title,"By 2020, substantially expand globally the number of scholarships available to developing countries, in particular least developed countries, small island developing States and African countries, for enrolment in higher education, including vocational training and information and communications technology, technical, engineering and scientific programmes, in developed countries and other developing countries",
global_targets:4-c-title,"By 2030, substantially increase the supply of qualified teachers, including through international cooperation for teacher training in developing countries, especially least developed countries and small island developing States",
global_targets:5-1-title,End all forms of discrimination against all women and girls everywhere,
global_targets:5-2-title,"Eliminate all forms of violence against all women and girls in the public and private spheres, including trafficking and sexual and other types of exploitation",
global_targets:5-3-title,"Eliminate all harmful practices, such as child, early and forced marriage and female genital mutilation",
global_targets:5-4-title,"Recognize and value unpaid care and domestic work through the provision of public services, infrastructure and social protection policies and the promotion of shared responsibility within the household and the family as nationally appropriate",
global_targets:5-5-title,"Ensure women’s full and effective participation and equal opportunities for leadership at all levels of decision-making in political, economic and public life",
global_targets:5-6-title,Ensure universal access to sexual and reproductive health and reproductive rights as agreed in accordance with the Programme of Action of the International Conference on Population and Development and the Beijing Platform for Action and the outcome documents of their review conferences,
global_targets:5-a-title,"Undertake reforms to give women equal rights to economic resources, as well as access to ownership and control over land and other forms of property, financial services, inheritance and natural resources, in accordance with national laws",
global_targets:5-b-title,"Enhance the use of enabling technology, in particular information and communications technology, to promote the empowerment of women",
global_targets:5-c-title,Adopt and strengthen sound policies and enforceable legislation for the promotion of gender equality and the empowerment of all women and girls at all levels,
global_targets:6-1-title,"By 2030, achieve universal and equitable access to safe and affordable drinking water for all",
global_targets:6-2-title,"By 2030, achieve access to adequate and equitable sanitation and hygiene for all and end open defecation, paying special attention to the needs of women and girls and those in vulnerable situations",
global_targets:6-3-title,"By 2030, improve water quality by reducing pollution, eliminating dumping and minimizing release of hazardous chemicals and materials, halving the proportion of untreated wastewater and substantially increasing recycling and safe reuse globally",
global_targets:6-4-title,"By 2030, substantially increase water-use efficiency across all sectors and ensure sustainable withdrawals and supply of freshwater to address water scarcity and substantially reduce the number of people suffering from water scarcity",
global_targets:6-5-title,"By 2030, implement integrated water resources management at all levels, including through transboundary cooperation as appropriate",
global_targets:6-6-title,"By 2020, protect and restore water-related ecosystems, including mountains, forests, wetlands, rivers, aquifers and lakes",
global_targets:6-a-title,"By 2030, expand international cooperation and capacity-building support to developing countries in water- and sanitation-related activities and programmes, including water harvesting, desalination, water efficiency, wastewater treatment, recycling and reuse technologies",
global_targets:6-b-title,Support and strengthen the participation of local communities in improving water and sanitation management,
global_targets:7-1-title,"By 2030, ensure universal access to affordable, reliable and modern energy services",
global_targets:7-2-title,"By 2030, increase substantially the share of renewable energy in the global energy mix",
global_targets:7-3-title,"By 2030, double the global rate of improvement in energy efficiency",
global_targets:7-a-title,"By 2030, enhance international cooperation to facilitate access to clean energy research and technology, including renewable energy, energy efficiency and advanced and cleaner fossil-fuel technology, and promote investment in energy infrastructure and clean energy technology",
global_targets:7-b-title,"By 2030, expand infrastructure and upgrade technology for supplying modern and sustainable energy services for all in developing countries, in particular least developed countries, small island developing States and landlocked developing countries, in accordance with their respective programmes of support",
global_targets:8-1-title,"Sustain per capita economic growth in accordance with national circumstances and, in particular, at least 7 per cent gross domestic product growth per annum in the least developed countries",
global_targets:8-10-title,"Strengthen the capacity of domestic financial institutions to encourage and expand access to banking, insurance and financial services for all",
global_targets:8-2-title,"Achieve higher levels of economic productivity through diversification, technological upgrading and innovation, including through a focus on high-value added and labour-intensive sectors",
global_targets:8-3-title,"Promote development-oriented policies that support productive activities, decent job creation, entrepreneurship, creativity and innovation, and encourage the formalization and growth of micro-, small- and medium-sized enterprises, including through access to financial services",
global_targets:8-4-title,"Improve progressively, through 2030, global resource efficiency in consumption and production and endeavour to decouple economic growth from environmental degradation, in accordance with the 10‐Year Framework of Programmes on Sustainable Consumption and Production, with developed countries taking the lead",
global_targets:8-5-title,"By 2030, achieve full and productive employment and decent work for all women and men, including for young people and persons with disabilities, and equal pay for work of equal value",
global_targets:8-6-title,"By 2020, substantially reduce the proportion of youth not in employment, education or training",
global_targets:8-7-title,"Take immediate and effective measures to eradicate forced labour, end modern slavery and human trafficking and secure the prohibition and elimination of the worst forms of child labour, including recruitment and use of child soldiers, and by 2025 end child labour in all its forms",
global_targets:8-8-title,"Protect labour rights and promote safe and secure working environments for all workers, including migrant workers, in particular women migrants, and those in precarious employment",
global_targets:8-9-title,"By 2030, devise and implement policies to promote sustainable tourism that creates jobs and promotes local culture and products",
global_targets:8-a-title,"Increase Aid for Trade support for developing countries, in particular least developed countries, including through the Enhanced Integrated Framework for Trade-related Technical Assistance to Least Developed Countries",
global_targets:8-b-title,"By 2020, develop and operationalize a global strategy for youth employment and implement the Global Jobs Pact of the International Labour Organization",
global_targets:9-1-title,"Develop quality, reliable, sustainable and resilient infrastructure, including regional and transborder infrastructure, to support economic development and human well-being, with a focus on affordable and equitable access for all",
global_targets:9-2-title,"Promote inclusive and sustainable industrialization and, by 2030, significantly raise industry’s share of employment and gross domestic product, in line with national circumstances, and double its share in least developed countries",
global_targets:9-3-title,"Increase the access of small-scale industrial and other enterprises, in particular in developing countries, to financial services, including affordable credit, and their integration into value chains and markets",
global_targets:9-4-title,"By 2030, upgrade infrastructure and retrofit industries to make them sustainable, with increased resource-use efficiency and greater adoption of clean and environmentally sound technologies and industrial processes, with all countries taking action in accordance with their respective capabilities",
global_targets:9-5-title,"Enhance scientific research, upgrade the technological capabilities of industrial sectors in all countries, in particular developing countries, including, by 2030, encouraging innovation and substantially increasing the number of research and development workers per 1 million people and public and private research and development spending",
global_targets:9-a-title,"Facilitate sustainable and resilient infrastructure development in developing countries through enhanced financial, technological and technical support to African countries, least developed countries, landlocked developing countries and small island developing States",
global_targets:9-b-title,"Support domestic technology development, research and innovation in developing countries, including by ensuring a conducive policy environment for, inter alia, industrial diversification and value addition to commodities",
global_targets:9-c-title,Significantly increase access to information and communications technology and strive to provide universal and affordable access to the Internet in least developed countries by 2020,
global_indicators:1-1-1-title,국제 빈곤선 미만에서 살고 있는 인구의 성·연령·고용상태 및 지역(도시/농촌)별 비율,
global_indicators:1-2-1-title,국가 빈곤선 미만에서 살고 있는 인구의 성 및 연령별 비율,
global_indicators:1-2-2-title,"국가별 정의에 따른 모든 차원의 빈곤 속에  살고 있는 모든 연령의 남성, 여성 및 아동의 비율",
global_indicators:1-3-1-title,사회적 보호 최저선/체계의 적용을 받는 인구의 성·특수아동·실업자·노령자·장애인·임산부·신생아·산업재해피해자·빈곤층 및 취약계층별 비율,
global_indicators:1-4-1-title,기초 서비스에 접근 가능한 가구에 살고 있는 인구 비율,
global_indicators:1-4-2-title,법적으로 인정된 문서를 통해 안정된 토지권을 갖고 토지에 대한 권리가 보장되었다고 여기는 성인 인구의 성 및 보유형태별 비율,
global_indicators:1-5-1-title,"100,000명당 재난으로 인해 사망, 실종, 직접적 피해(affected)를 받은 인구 수",
global_indicators:1-5-2-title,국내총생산(GDP) 대비 재난으로 인한 직접적인 경제적 손실액,
global_indicators:1-5-3-title,「재난위험감축을 위한 센다이프레임워크(2015-2030)」에 따라 국가적인 재난위험감축전략을 채택하고 이행하는 국가의 수,
global_indicators:1-5-4-title,국가의 재난위험감축전략에 따라 지자체 차원에서 재난위험감축전략을 갖추고 있는 비율,
global_indicators:1-a-1-title,정부가 빈곤감소 프로그램에 직접 할당한 국내재원 비율,
global_indicators:1-a-2-title,"정부 총지출 중 필수 서비스 (교육, 의료 및 사회적 보호)에 소요되는 지출 비율",
global_indicators:1-a-3-title,GDP 대비 빈곤감소 프로그램에 직접 할당되는 비부채성 자금유입과 총 보조금의 합,
global_indicators:1-b-1-title,"여성, 빈곤층 그리고 취약계층에 상대적으로 혜택을 주는 부문에 지출되는 정부의 경상 및 투자 지출 비율",
global_indicators:10-1-1-title,총인구 및 소득 하위 40% 인구의  가구지출 성장률 혹은 1인당 소득 성장률,
global_indicators:10-2-1-title,"중위소득 50% 미만 인구의 성, 연령 및 장애별 비율",
global_indicators:10-3-1-title,국제인권법 차별금지기준으로 지난 12개월 동안 차별 또는 괴롭힘을 당했다고 느꼈음을 보고한 인구의 비율,
global_indicators:10-4-1-title,GDP 중 임금과 사회보장이전으로 구성된 노동소득비율,
global_indicators:10-5-1-title,금융건전성지표(Financial Soundness Indicators),
global_indicators:10-6-1-title,국제기구에서 개발도상국의 회원 및 투표권(voting rights) 비율,
global_indicators:10-7-1-title,이주국가에서 얻은 연소득 대비 이주근로자가 부담하는 고용비용의 비율,
global_indicators:10-7-2-title,잘 관리되는 이주정책을 이행하고 있는 국가의 수,
global_indicators:10-a-1-title,관세가 없는 최빈개도국/개발도상국으로부터의 수입에 부과되는 관세선 비율,
global_indicators:10-b-1-title,"공여국과 수원국별 개발을 위한 총자원 자원투입(예 - ODA, 해외직접투자 및 기타 투입)",
global_indicators:10-c-1-title,송금총액에서 송금비용의 비율,
global_indicators:11-1-1-title,"빈민가, 임시거처 또는 최소한의 요건을 갖추지 못한 주거시설에 거주하는 도시인구비율",
global_indicators:11-2-1-title,"대중교통에 편리하게 접근할 수 있는 인구비율(연령, 성 및 장애별)",
global_indicators:11-3-1-title,인구성장률 대비 토지소모 비율,
global_indicators:11-3-2-title,정기적이고 민주적으로 운영되는 도시계획 및 관리에 시민사회가 직접 참여하는 구조를 가지고 있는 도시의 비율,
global_indicators:11-4-1-title,"모든 문화 및 자연유산의 보존, 보호 및 관리에 배정된 1인당 총 지출액(유산종류(문화, 자연, 복합, 세계유산센터 등재), 정부유형(중앙, 광역, 시군), 지출종류(운영비/투자)), 민간자금종류(기부, 민간, 비영리, 스폰서)별)",
global_indicators:11-5-1-title,"인구 100,000 명당 재난으로 인해 사망, 실종, 직접적 피해를 입은 인구 수",
global_indicators:11-5-2-title,중요 기반시설 피해 및 기본적인 서비스의 중단 등 재난으로 인한 GDP 대비 직접적인 경제적 손실,
global_indicators:11-6-1-title,도시에서 발생하는 전체 고형 폐기물 중  정기적으로 수거되고 적절한 최종처리단계를 거치는 도시 고형 폐기물 비율(도시별),
global_indicators:11-6-2-title,도시 미세먼지의 연평균수준 (인구수에 따른 가중),
global_indicators:11-7-1-title,"도시에서 공공목적의 용도를 위해 개방된 공용 공간이 차지하는 평균비율 (연령, 성 및 장애별)",
global_indicators:11-7-2-title,"지난 12개월 동안 신체적 혹은 성적 괴롭힘을 당한 인구의 성, 연령, 장애, 발생장소별 비율",
global_indicators:11-a-1-title,인구 추계와 자원 수요를 통합하여 수립된 도시 및 지역발전계획을 이행하는 도시에 거주하는 인구의 비율 (도시크기별),
global_indicators:11-b-1-title,「재난위험감축을 위한 센다이프레임워크 (2015-2030)」에 따라 국가재난위험감축전략을 채택하고 이행하는 국가의 수,
global_indicators:11-b-2-title,국가의 재난위험감축전략에 따라 지자체 차원에서 재난위험감축전략을 갖추고 있는 비율,
global_indicators:11-c-1-title,최빈개도국 내 현지 자원을 이용하여 지속가능하고 회복력 있으며 자원효율적인 건물을 짓고 재건축하는데 소요되는 최빈개도국 재정지원비율,
global_indicators:12-1-1-title,지속가능한 소비 및 생산(SCP) 국가실행계획이나 SCP를 주류로 하는 계획을 갖고 있는 국가 수,
global_indicators:12-2-1-title,"총 및 1인당 물질발자국, GDP 대비 물질발자국",
global_indicators:12-2-2-title,"총 및 1인당 물질소비량, GDP 대비 물질소비량",
global_indicators:12-3-1-title,글로벌식량손실지수(GFLI),
global_indicators:12-4-1-title,유해 폐기물과 기타 화학물질에 대한 국제 다자간 환경협약이 요구하는 정보제공에 관한 약속과 의무를 이행하는 당사국 수,
global_indicators:12-4-2-title,1인당 발생시키는 유해폐기물과 유해폐기물 처리 비율(처리유형별),
global_indicators:12-5-1-title,"국가 재활용 비율, 물질재활용 톤",
global_indicators:12-6-1-title,지속가능성 보고서를 발간하는 기업의 수,
global_indicators:12-7-1-title,지속 가능한 공공 조달 정책들과 실행 계획들을 이행하는 국가들의 수,
global_indicators:12-8-1-title,(i) 세계시민교육 (ii)지속가능발전교육(기후변화교육포함)이 (a)국가교육정책 (b) 교육과정 (c) 교사교육 그리고 (d) 학생평가 등 모든 영역에서 주류화 정도,
global_indicators:12-a-1-title,지속가능한 생산소비 및 환경 친화적인 기술분야 연구개발을 위해 개발도상국에 지원되는 금액,
global_indicators:12-b-1-title,합의된 모니터링과  평가수단을 가진 지속가능한 관광 전략이나 정책 그리고 이행을 위한 실행계획의 수,
global_indicators:12-c-1-title,GDP 단위(생산과 소비)당 화석연료보조금액수 및 화석연료에 대한 총 국가지출대비 화석연료 보조금 비율,
global_indicators:13-1-1-title,"100,000명당 재난으로 인해 사망, 실종, 직접적 피해(affected)를 받은 인구 수",
global_indicators:13-1-2-title,재난위험감축을 위한 센다이프레임워크(2015-2030)에 따라 국가적인 재난위험감축전략을 채택하고 이행하는 국가의 수,
global_indicators:13-1-3-title,국가의 재난위험감축전략에 따라 지자체 차원에서 재난위험감축전략을 갖추고 있는 비율,
global_indicators:13-2-1-title,"식량 생산을 위협하지 않는 방식으로 기후변화의 부정적인 영향에 적응하고, 기후회복력을 배양하고 온실가스배출을 줄일 수 있는 통합된 정책, 전략, 계획을 수립하거나 운영하는 것을 논의해 온 국가의 수(국가 적응계획, 국가 온실가스 감축 기여방안, 국가보고서, 격년별로 갱신되는 보고서 등을 포함)",
global_indicators:13-3-1-title,"완화, 적응, 영향 저감, 조기 경보를 초중고등 교육과정에 포함시킨 국가들의 수",
global_indicators:13-3-2-title,"적응, 완화, 그리고 기술 이전 및 개발 이행을 위한 기관, 시스템, 그리고 개인의 역량 강화를 논의해온 국가의 수",
global_indicators:13-a-1-title,약속된 1천 억 달러 재원 조성에 대해 2020~2025년 실제 모금되는 연도별 금액,
global_indicators:13-b-1-title,"여성, 청소년, 지역 및 소외 공동체에 초점을 맞추는 것을 포함하여, 효과적인 기후변화 관련 계획과 관리 역량을 제고하기 위한 매커니즘 개발을 위해 금융, 기술, 역량배양을 비롯한 특별지원과 지원금을 받고 있는 최빈 개도국과 군소 도서개발국의 수",
global_indicators:14-1-1-title,연안해역 부영양화지수 및 부유성 플라스틱 부유성 폐기물 밀도,
global_indicators:14-2-1-title,생태계 기반의 접근방식으로 관리되는 국가의 배타적 경제수역의 비율,
global_indicators:14-3-1-title,합의된 대표 표본 추출 지점들에서 측정되는 평균 해양산도(pH),
global_indicators:14-4-1-title,생물학적으로 지속 가능한 수준에서의 어족자원의 비율,
global_indicators:14-5-1-title,해양 면적 대비 보호구역의 비율,
global_indicators:14-6-1-title,불법·비보고·비규제 어업을 근절하기 위한 국제적 수단을 이행하는 국가별 진척도,
global_indicators:14-7-1-title,"군소도서 개발국, 최빈개도국 그리고 모든 국가의 GDP 중 지속가능한 어업 비율",
global_indicators:14-a-1-title,전체 연구예산 중 해양기술부문 연구에 할당된 예산비율,
global_indicators:14-b-1-title,소규모 영세어민을 위해 해양자원에 대한 접근을 인정하고 보호하는 법/규제/정책/제도적인 프레임워크의 국가별 적용 단계에서의 진척도,
global_indicators:14-c-1-title,"대양과 그 자원의 보존 및 지속가능한 이용을 위해 법, 정책, 제도를 통해 유엔해양법협약에 반영되어 있는 것과 같이 국제법을 이행하기 위한 대양관련 장치를  비준, 적용하고 이행하는 과정에서 진전을 보이는 국가의 수",
global_indicators:15-1-1-title,총 육지면적중 산림 면적의 비율,
global_indicators:15-1-2-title,육상 및 담수 생물다양성을 위한 보호지역 지정 비율 (생태계 유형별),
global_indicators:15-2-1-title,지속가능한 산림경영 이행상황,
global_indicators:15-3-1-title,국토면적 대비 황폐화 지역 비율,
global_indicators:15-4-1-title,산림생물다양성 관련 중요 보호지역 면적,
global_indicators:15-4-2-title,산림피복 지수(Mountain Green Cover Index),
global_indicators:15-5-1-title,적색목록지수(Red list Index,
global_indicators:15-6-1-title,"공정하고  공평한 혜택 분배를 보장하기 위해 입법적, 행정적 그리고 정책적 프레임워크를 채택한 국가의 수",
global_indicators:15-7-1-title,불법적으로 거래되거나 밀렵된 야생생물의 거래 비율,
global_indicators:15-8-1-title,외래칩입종의 유입 예방과 통제를 위해 국가 차원의 법률과 적당한 수단을 채택하고 있는 국가의 비율,
global_indicators:15-9-1-title,「생물다양성 전략계획2011-2020」의 Aichi 타겟2에 따라 수립된 국가 목표의 진전도,
global_indicators:15-a-1-title,생물 다양성과 생태계 보존과 지속가능한 이용을 위한 ODA 및 공공지출,
global_indicators:15-b-1-title,생물 다양성과 생태계의 지속가능한 이용과 보존을 위한 ODA 및 공공지출,
global_indicators:15-c-1-title,불법적으로 거래되거나 밀렵된 야생생물의 거래 비율,
global_indicators:16-1-1-title,인구 10만명당 고의에 의한 살인범죄 피해자수의 성 및 연령별 현황,
global_indicators:16-1-2-title,"인구 10만명당 분쟁관련 사망자수의 성, 연령 및 사유별 현황",
global_indicators:16-1-3-title,"지난 12개월간 신체적, 정서적, 성적폭력에 노출된 인구비율",
global_indicators:16-1-4-title,살고 있는 동네를 홀로 걸을 때 안전하다고 느끼는 인구 비율,
global_indicators:16-10-1-title,"지난 12개월 동안 언론인, 관련 미디어 종사자, 노동조합원 및 인권운동가를 대상으로 한 살인, 납치, 실종, 강제구금 및 고문 건수",
global_indicators:16-10-2-title,"정보에 대한 대중의 접근을 보장하는 헌법, 법률, 정책을 채택하고 이행하는 국가의 수",
global_indicators:16-2-1-title,지난 1개월간 보호자로부터 체벌이나 심리적 위협을 경험한 적이 있는 1-17세 아동 비율,
global_indicators:16-2-2-title,"인구 10만명당 인신매매 피해자수의 성, 연령, 착취형태별 현황",
global_indicators:16-2-3-title,18-29세 성인 중 18세 이전에 성폭력을 당한 적이 있는 인구비율,
global_indicators:16-3-1-title,지난 12개월간 관할 당국 혹은 기타 공식적인 분쟁해결수단에 피해신고를 한 폭력범죄피해자 비율,
global_indicators:16-3-2-title,교도소 수용자 중 미결수 비율,
global_indicators:16-4-1-title,국내외 불법금융거래의 총 가액 (현 미국달러화 기준),
global_indicators:16-4-2-title,"압수,적발, 회수된 무기 중 국제법제에 따라 유관당국에 의해 불법성이 추적, 확인된  비율",
global_indicators:16-5-1-title,"지난 12개월 동안 공무원을 최소한 1회 이상 접촉하여 뇌물을 주었거나, 공무원으로부터 뇌물을 요구 받았던 인구 비율",
global_indicators:16-5-2-title,지난 12개월 동안 공무원을 최소한 1회 이상 접촉하여 뇌물을 주었거나 공무원으로부터 뇌물을 요구받았던 기업의 비율,
global_indicators:16-6-1-title,최초 승인된 예산 중  정부 주요 지출액의 부문별 또는 예산코드별 비율,
global_indicators:16-6-2-title,가장 최근에 경험한 공공서비스에 대해 만족하는 인구비율,
global_indicators:16-7-1-title,"국가전체 대비 공공기관(국가 및 지방 입법부, 행정부, 사법부) 내 성별, 연령, 장애여부 등 인구집단별 보직분포 비율",
global_indicators:16-7-2-title,"의사결정이 포용적이고 대응적이라고 생각하는 인구의 성별, 연령별, 장애 및 인구집단별 비율",
global_indicators:16-8-1-title,국제기구에서 개발도상국의 회원 및 투표권(voting rights) 비율,
global_indicators:16-9-1-title,5세미만 중 행정 당국에 출생 신고된 자의 연령별 비율,
global_indicators:16-a-1-title,파리원칙(Paris Principles)에 따른 독립적인 국가인권기구의 존재,
global_indicators:16-b-1-title,국제인권법 차별금지기준으로 지난 12개월 동안 차별 또는 괴롭힘을 당했다고 느꼈음을 보고한 인구의 비율,
global_indicators:17-1-1-title,GDP 중 정부 총수입이 차지하는 비율(항목별),
global_indicators:17-1-2-title,국내 세금으로 충당되는 정부예산의 비율,
global_indicators:17-10-1-title,국제 가중 관세 평균치,
global_indicators:17-11-1-title,전세계 수출에서 개도국 및 최빈개도국이 차지하는 비중,
global_indicators:17-12-1-title,"개발도상국, 최빈개도국 및 군소도서 개발국에 부과되는 평균 관세",
global_indicators:17-13-1-title,거시경제 관련 다양한 지표,
global_indicators:17-14-1-title,지속가능발전의 정책일관성을 증진하기 위해 메커니즘을 갖춘 국가의 수,
global_indicators:17-15-1-title,개발협력사업 공여자가 개발도상국 주도 성과체계 및 기획수단을 사용하는 정도,
global_indicators:17-16-1-title,SDGs 달성을 지원하기 위한 다자간 개발효과성 모니터링 프레임워크에서 진전을 보고한 국가의수,
global_indicators:17-17-1-title,민-관 및 시민단체 파트너십에 약정한 US달러 금액,
global_indicators:17-18-1-title,세부목표와 관련성이 있는 경우 공식통계의 기본원칙에 따라 국가적 단위에서 생산된 완전히 세분화된 지속가능발전 지표의 비율,
global_indicators:17-18-2-title,공식통계의 기본원칙을 준수하는 국가통계법령을 갖고 있는 국가의 수,
global_indicators:17-18-3-title,재원이 충분히 확보되어 이행되고 있는 국가통계계획을 가진 국가의 수 (재정지원 출처별),
global_indicators:17-19-1-title,개발도상국에서 통계역량 강화에 사용되는 모든 자원의 달러가치,
global_indicators:17-19-2-title,"지난 10년 동안 a)최소한 한 번의 인구주택총조사를 진행했고, b)100%의 출생등록과 80%의 사망등록을 달성한 국가의 비율",
global_indicators:17-2-1-title,OECD/개발 원조 위원회(DAC) 공여국의 국민총소득(GNI) 대비 1) 총 순ODA의 비율 2) LDC(최빈개도국)에 대한 순ODA 비율,
global_indicators:17-3-1-title,"총 정부예산 중 해외직접투자, ODA 및 남남협력의 비율",
global_indicators:17-3-2-title,총 GDP 중 송금액의 비율(미달러 기준),
global_indicators:17-4-1-title,재화 및 서비스 수출 대비 부채상환 비율,
global_indicators:17-5-1-title,최빈개도국을 위한 투자촉진제도를 채택하고 이행하는 국가의 수,
global_indicators:17-6-1-title,국가간 과학기술 협력을 위한 협정과 프로그램의 수 (협력 형태별),
global_indicators:17-6-2-title,인구 100명 당 유선 초고속인터넷 가입률 (속도별),
global_indicators:17-7-1-title,"개도국에 친환경 기술의 개발과 이전, 보급 및 확산을 촉진하기 위해 지원하는 총 승인 금액",
global_indicators:17-8-1-title,인터넷 이용자 비율,
global_indicators:17-9-1-title,"개발도상국에 지원하는 (남북, 남남, 삼각협력 포함) 재정 및 기술지원금액 (달러기준)",
global_indicators:2-1-1-title,영양부족인구비율,
global_indicators:2-1-2-title,식량불안경험척도 기준으로 중간 또는 심각한 수준의 식량불안경험인구비율,
global_indicators:2-2-1-title,5세 미만의 발육부진비율(연령대비 신장이 WHO 아동성장표준에서 해당 연령 아동신장 중위값으로부터 표준편차가 <–2 인 경우),
global_indicators:2-2-2-title,5세 미만의 영양불량비율(신장대비 체중이 WHO 아동성장표준에서 중위값으로부터 표준편차가 +2> 혹은 <-2인 경우),
global_indicators:2-3-1-title,"노동단위당 생산규모(농업, 축산업, 임업규모에 따른 계층별)",
global_indicators:2-3-2-title,소규모 식량 생산자의 평균 소득 (성 및  토착지위별),
global_indicators:2-4-1-title,생산적이고 지속가능한 농지면적 비율,
global_indicators:2-5-1-title,식량 및 농업을 위해 중장기 보존 시설에 확보되어 있는 동식물 유전자원의 수,
global_indicators:2-5-2-title,멸종위험수준에 따라 분류된 지역 종의 비율,
global_indicators:2-a-1-title,정부지출 대비 농업관련 지출 지수,
global_indicators:2-a-2-title,농업부문에 대한 공적지원금(ODA+다른 공적지원금),
global_indicators:2-b-1-title,농업수출보조금,
global_indicators:2-b-2-title,농업수출보조금,
global_indicators:2-c-1-title,식품가격이상지표(food price anomalies),
global_indicators:3-1-1-title,모성사망비,
global_indicators:3-1-2-title,의료전문인력이 진료에 참여한 출산비율,
global_indicators:3-2-1-title,5세미만 사망률,
global_indicators:3-2-2-title,신생아 사망률,
global_indicators:3-3-1-title,비감염인구 1천명당 인체면역결핍바이러스(HIV) 감염자의 성·연령 및 주요 특성별 현황,
global_indicators:3-3-2-title,10만명당 결핵 발생건수,
global_indicators:3-3-3-title,1천명당 말라리아 발생건수,
global_indicators:3-3-4-title,10만명당 B형 간염 발생건수,
global_indicators:3-3-5-title,소외열대질환 치료가 필요한 인구수,
global_indicators:3-4-1-title,"심혈관계질환, 암, 당뇨 또는 만성호흡기 질환 사망률",
global_indicators:3-4-2-title,자살 사망률,
global_indicators:3-5-1-title,"약물장애 치료개입 (의약, 사회심리, 재활 및 사후관리 서비스)보장범위",
global_indicators:3-5-2-title,연간 1인당 순 알코올 소비량,
global_indicators:3-6-1-title,도로교통사고 사망률,
global_indicators:3-7-1-title,가족계획이 필요한 가임기 여성(15-49세) 중 현대적 피임방법 사용 비율,
global_indicators:3-7-2-title,"여성 청소년 (10-14세, 15-19세) 출산률",
global_indicators:3-8-1-title,필수 보건 서비스 보장범위,
global_indicators:3-8-2-title,가구 총지출 및 소득 대비 의료비과부담 인구 비율,
global_indicators:3-9-1-title,실내공기오염 및 대기오염으로 인한 사망률,
global_indicators:3-9-2-title,"안전하지 않은 물과 하수처리, 부족한 위생시설로 인한 사망률",
global_indicators:3-9-3-title,비의도적 중독 사망률,
global_indicators:3-a-1-title,연령표준화를 적용한 15세 이상 인구에서 현재 흡연률,
global_indicators:3-b-1-title,국가 정책에 포함된 모든 백신을 접종한 인구의 비율,
global_indicators:3-b-2-title,의학연구 및 기초보건부문에 대한 순ODA총액,
global_indicators:3-b-3-title,적당한 가격으로 필수 의약품을 지속적으로 구할 수 있는 의료시설 비율,
global_indicators:3-c-1-title,보건의료인력 밀도 및 분포,
global_indicators:3-d-1-title,국제보건규정(IHR)에 의한 수용능력 및 응급대처능력,
global_indicators:4-1-1-title,"(a) 초등학교 2학년 혹은 3학년 시점, (b) 초등학교 말 (c) 중학교 말에 (i) 읽기와 (ii) 수학분야에서 최소숙달수준에 도달한 아동 및 청소년의 성별 비율",
global_indicators:4-2-1-title,"건강, 학습 및 심리사회적 웰빙 측면에서  발달과정에 있는 5세미만의 성별 비율",
global_indicators:4-2-2-title,(정규 초등교육 입학연령이 되기 1년 전) 조직화된 학습 참여 성별 비율,
global_indicators:4-3-1-title,지난 12개월 동안 형식 및 비형식 교육· 훈련에 참여한 청소년 및 성인의 성별 비율,
global_indicators:4-4-1-title,기술유형별 정보통신기술(ICT) 능력을 보유한 청소년/성인의 비율,
global_indicators:4-5-1-title,"세분화할 수 있는 이 목록의 모든 지표 대상  형평성 지수(성, 도농, 소득분위, 데이터를 이용할 수 있는 경우 장애상태, 토착민, 분쟁영향 여부 등)",
global_indicators:4-6-1-title,특정 연령 집단에서 기능적 (a) 문해력과 (b) 수리력이 최소 일정 수준에 도달한 인구의 성별 비율,
global_indicators:4-7-1-title,성평등과 인권 등 (i) 세계시민교육 (ii)지속가능발전교육이 (a)국가교육정책 (b) 교육과정 (c) 교사교육 그리고 (d) 학생평가 등 모든 영역에서 주류화 정도,
global_indicators:4-a-1-title,"(a) 전기; (b) 교육 목적의 인터넷, (c) 교육목적의 컴퓨터; (d) 장애학생을 위한 설비와 자료 (e) 기초식수 (f) 남녀 구분 기초 위생시설;(g)(WASH 기준 부합) 기초손씻기 시설 등에 접근할 수 있는 학교 비율",
global_indicators:4-b-1-title,장학금의 공적개발원조(ODA) 금액의 연구부문 및 연구유형별 규모,
global_indicators:4-c-1-title,"(a)유아, (b)초등, ©중학교 및 (d)고등학교교사 중에서 국가가 요구하는 특정 수준 수업에 필요한 최소한의 체계화된 교원 교육 및 훈련을 임용 전 혹은 재직 중 받은 교사의 비율",
global_indicators:5-1-1-title,"성에 근거한 비차별과 평등을 증진, 집행 그리고 추적할 수 있는 법적체계 존재여부",
global_indicators:5-2-1-title,"파트너가 있(었)던 15세 이상의 여성과 여아  중 지난 12개월 동안 (현재 혹은 과거의) 친밀한 파트너로 부터 신체적, 성적, 정서적인 폭력을 당한 경험이 있는 인구의 연령별 및 폭력형태별 비율",
global_indicators:5-2-2-title,15세 이상의 여성과 여아 중에서 지난 12개월 동안 친밀한 파트너 이외에 다른 사람들로부터 성적 폭력을 당한 경험이 있는 인구의 연령별 및 사건발생장소별 비율,
global_indicators:5-3-1-title,20~24세 여성 중 15세 이전과 18세 이전에 결혼 또는 동거를 했던 비율,
global_indicators:5-3-2-title,15~49세 여아와 여성 중 여성성기절제(FGM/C)를 한 인구의 연령별 비율,
global_indicators:5-4-1-title,"무보수 가사노동 및 돌봄노동에 소요된 시간의 성별, 연령 및 지역별 비율",
global_indicators:5-5-1-title,(a)국회의 여성 의석 비율 (b) 지방정부의 여성 의석 비율,
global_indicators:5-5-2-title,여성 관리자 비율,
global_indicators:5-6-1-title,"성관계, 피임제 사용 및 생식보건에 대한 충분한 정보에 따라 스스로 의사결정을 하는 15-49세의 여성비율",
global_indicators:5-6-2-title,성 및 생식 보건에 대한 정보와 교육에 대해 15세 이상의 여성 및 남성의 완전하고 평등한 접근성을 보장하는 법과 제도가 마련된 국가의 수,
global_indicators:5-a-1-title,(a) 농경지에 대한 소유권 또는 확실한 권리를 가진 전체 농업인구의 비율 (성별) (b)농경지 소유자 또는 토지 관리권을 가진 사람 중 여성의 비율 (보유기간별),
global_indicators:5-a-2-title,토지소유나 통제에 대한 여성의 평등한 권리를 보장하는 법률적 기반(관습법을 포함)을 갖춘 국가의 비율,
global_indicators:5-b-1-title,휴대폰을 소유한 개인의 비율 (성별),
global_indicators:5-c-1-title,성평등과 여성의 권한강화를 위해 공공자원을 할당하고 추적하는 시스템을 갖춘 국가의 비율,
global_indicators:6-1-1-title,안전하게 관리되는 식수서비스를 이용하는 인구 비율,
global_indicators:6-2-1-title,비누와 물이 있는 손씻기 시설을 포함하여  안전하게 관리되는 위생서비스시설을 이용하는 인구 비율,
global_indicators:6-3-1-title,안전하게 처리되는 폐수의 비율,
global_indicators:6-3-2-title,주변 수질이 양호한 수계(bodies of water)의 비율,
global_indicators:6-4-1-title,시간에 따른 물 이용 효율성 변화,
global_indicators:6-4-2-title,물 스트레스 수준 - 이용가능한 담수 대비 취수 비율,
global_indicators:6-5-1-title,통합 수자원관리 이행 정도 (0-100),
global_indicators:6-5-2-title,물협력을 위한 운영협정을 맺고 있는 접경 지역 비율,
global_indicators:6-6-1-title,시간 경과에 따른 물 관련 생태계 규모의 변화,
global_indicators:6-a-1-title,정부의 지출계획에 포함되어 있는 물과 위생분야 관련 ODA 금액,
global_indicators:6-b-1-title,물 및 위생관리에 대한 지방 커뮤니티의  참여를 위한 확립된 행정적 정책과 절차를 갖추고 있는 지방행정단위의 비율,
global_indicators:7-1-1-title,전기 접근성을 갖고 있는 인구비율,
global_indicators:7-1-2-title,청정연료 및 기술에 주로 의존하는 인구비율,
global_indicators:7-2-1-title,최종 에너지 소비 중 재생에너지가 차지하는 비율,
global_indicators:7-3-1-title,1차 에너지와 GDP의 측면에서 측정한 에너지 집약도,
global_indicators:7-a-1-title,개도국의 하이브리드 시스템을 포함한 재생 에너지 및 청정에너지 연구 개발과 재생에너지생산을 지원하는 국제 자금 흐름,
global_indicators:7-b-1-title,지속가능한 발전 서비스 인프라와 기술에 대한 재정이전 분야에서의 해외 직접투자 금액과 에너지 효율성에 대한 투자 금액이 GDP에서 차지하는 비율,
global_indicators:8-1-1-title,1인당 실질 GDP의 연 성장률,
global_indicators:8-10-1-title,"성인 100,000명 당 상업은행 지점들과 ATM의 개수",
global_indicators:8-10-2-title,"은행이나 기타 금융기관, 혹은 모바일 금융서비스 제공자의 계좌를 보유하고 있는 (15세 이상) 성인인구 비율",
global_indicators:8-2-1-title,취업자 1인당 실질 GDP의 연 성장률,
global_indicators:8-3-1-title,비농업부문에서 비공식 고용율 (성별),
global_indicators:8-4-1-title,"총 및 1인당 물질발자국, GDP 대비 물질발자국",
global_indicators:8-4-2-title,"총 및 1인당 물질소비량, GDP 대비 물질소비량",
global_indicators:8-5-1-title,"여성과 남성 근로자의 평균 시간당 임금 (직업, 연령 및 장애별)",
global_indicators:8-5-2-title,"실업률 (성, 연령, 장애인별)",
global_indicators:8-6-1-title,"교육, 취업, 혹은 훈련 상태에 있지 않은 청소년(15-24세)의 비율",
global_indicators:8-7-1-title,5-17세 아동 중 아동노동인구와 비율(성 및 연령별),
global_indicators:8-8-1-title,치명적 및 비치명적 산업 재해 빈도율((성별 및 이주 상태별),
global_indicators:8-8-2-title,국제노동기구(ILO) 협약과 국내입법에 기초한 노동권(집회 및 단체교섭의 자유)의 국가별 준수 수준 (성 및 이주 상태별),
global_indicators:8-9-1-title,전체 GDP 및 성장률에 관광분야가 직접적으로 기여하는 GDP 비율,
global_indicators:8-9-2-title,전체 관광산업 일자리(jobs) 중 지속가능한 관광산업 분야 일자리 수의 비율,
global_indicators:8-a-1-title,무역원조(Aid for Trade) 약정 및 지불,
global_indicators:8-b-1-title,청년층 고용에 대한 국가 계획 개발 및 운영여부 – 별도 계획 혹은 국가 계획의 일부 인지 여부,
global_indicators:9-1-1-title,사계절 도로(all-season road) 2km 반경 내 거주하는 농촌인구비율,
global_indicators:9-1-2-title,승객 및 운송량  (교통수단별),
global_indicators:9-2-1-title,GDP 대비 및 1인 당 제조업 부가가치 비율,
global_indicators:9-2-2-title,총 고용 대비 제조업 고용 비율,
global_indicators:9-3-1-title,총 산업부가가치 중 소규모(small-scale) 산업 비율,
global_indicators:9-3-2-title,부채 혹은 신용한도가 있는 소규모 산업 비율,
global_indicators:9-4-1-title,부가가치 단위 당 이산화탄소 배출,
global_indicators:9-5-1-title,GDP 대비 연구개발비율,
global_indicators:9-5-2-title,거주자(inhabitants) 백만 명당 (전일제) 연구자 수,
global_indicators:9-a-1-title,인프라분야에 대한 국제사회의 총공적지원(ODA+기타공적자금),
global_indicators:9-b-1-title,총 부가가치 대비 중고급기술산업 부가가치 비율,
global_indicators:9-c-1-title,모바일네트워크 사용 인구 비율(기술별),
search:found_in,found in,
search:indicator_search,검색어를 입력해 주시기 바랍니다.,
search:keywords,키워드,
search:no_results,검색 결과가 없습니다.,
search:search,검색,
search:search_results_for,검색 결과,
metadata_fields:comments_limitations,비고,
metadata_fields:computation_calculations,계산방법,
metadata_fields:computation_definitions,정의,
metadata_fields:computation_units,단위,
metadata_fields:goal_meta_link,UN 메타데이터,
metadata_fields:indicator,지표 번호,
metadata_fields:indicator_definition,지표 상세 설명,
metadata_fields:indicator_name,지표명,
metadata_fields:indicator_sort_order,지표 정렬 번호,
metadata_fields:national_data_update_url,데이터 갱신 이력,
metadata_fields:national_geographical_coverage,지역적 범위,
metadata_fields:national_indicator_available,지표 가용성,
metadata_fields:national_indicator_description,지표 상세 설명,
metadata_fields:national_metadata_update_url,메타데이터 갱신 이력,
metadata_fields:source_contact_1,연락처,
metadata_fields:source_contact_2,연락처,
metadata_fields:source_contact_3,연락처,
metadata_fields:source_contact_4,연락처,
metadata_fields:source_contact_5,연락처,
metadata_fields:source_contact_6,연락처,
metadata_fields:source_earliest_available_1,최초 공표,
metadata_fields:source_earliest_available_2,최초 공표,
metadata_fields:source_earliest_available_3,최초 공표,
metadata_fields:source_earliest_available_4,최초 공표,
metadata_fields:source_earliest_available_5,최초 공표,
metadata_fields:source_earliest_available_6,최초 공표,
metadata_fields:source_geographical_coverage_1,지역적 범위,
metadata_fields:source_geographical_coverage_2,지역적 범위,
metadata_fields:source_geographical_coverage_3,지역적 범위,
metadata_fields:source_geographical_coverage_4,지역적 범위,
metadata_fields:source_geographical_coverage_5,지역적 범위,
metadata_fields:source_geographical_coverage_6,지역적 범위,
metadata_fields:source_next_release_1,다음 공표,
metadata_fields:source_next_release_2,다음 공표,
metadata_fields:source_next_release_3,다음 공표,
metadata_fields:source_next_release_4,다음 공표,
metadata_fields:source_next_release_5,다음 공표,
metadata_fields:source_next_release_6,다음 공표,
metadata_fields:source_organisation_1,작성기관,
metadata_fields:source_organisation_2,작성기관,
metadata_fields:source_organisation_3,작성기관,
metadata_fields:source_organisation_4,작성기관,
metadata_fields:source_organisation_5,작성기관,
metadata_fields:source_organisation_6,작성기관,
metadata_fields:source_other_info_1,비고,
metadata_fields:source_other_info_2,비고,
metadata_fields:source_other_info_3,비고,
metadata_fields:source_other_info_4,비고,
metadata_fields:source_other_info_5,비고,
metadata_fields:source_other_info_6,비고,
metadata_fields:source_periodicity_1,작성주기,
metadata_fields:source_periodicity_2,작성주기,
metadata_fields:source_periodicity_3,작성주기,
metadata_fields:source_periodicity_4,작성주기,
metadata_fields:source_periodicity_5,작성주기,
metadata_fields:source_periodicity_6,작성주기,
metadata_fields:source_release_date_1,공표일,
metadata_fields:source_release_date_2,공표일,
metadata_fields:source_release_date_3,공표일,
metadata_fields:source_release_date_4,공표일,
metadata_fields:source_release_date_5,공표일,
metadata_fields:source_release_date_6,공표일,
metadata_fields:source_statistical_classification_1,통계분류,
metadata_fields:source_statistical_classification_2,통계분류,
metadata_fields:source_statistical_classification_3,통계분류,
metadata_fields:source_statistical_classification_4,통계분류,
metadata_fields:source_statistical_classification_5,통계분류,
metadata_fields:source_statistical_classification_6,통계분류,
metadata_fields:source_url_1,출처 바로가기,
metadata_fields:source_url_2,출처 바로가기,
metadata_fields:source_url_3,출처 바로가기,
metadata_fields:source_url_4,출처 바로가기,
metadata_fields:source_url_5,출처 바로가기,
metadata_fields:source_url_6,출처 바로가기,
metadata_fields:target,세부목표명,
metadata_fields:target_id,세부목표 번호,
metadata_fields:un_custodian_agency,소관 국제기구,
metadata_fields:un_designated_tier,티어(Tier),
header:alpha,Alpha,
header:default_contrast,Default contrast,
header:disable_high_contrast,Disable high contrast,
header:disclaimer,"This is a development website. We welcome your <a href=""mailto:%email_address"">feedback</a>.",
header:enable_high_contrast,Enable high contrast,
header:high_contrast,High contrast,
header:skip_link,Skip to main content,
header:tag_line,17 Goals to Transform our World,
general:facebook,Facebook,
general:goal,목표,
general:goals,목표,
general:home,Home,
general:indicator,지표,
general:indicators,개 지표,
general:loading,검색 결과를 불러오고 있습니다.,
general:opens_new_window,새 창에서 열기,
general:sdg,지속가능발전목표,
general:target,세부목표,
general:targets,세부목표,
general:twitter,Twitter,
menu:about,About,
menu:contact_us,Contact us,
menu:cookies,Cookies,
menu:faq,FAQ,
menu:guidance,Guidance,
menu:menu,Menu,
menu:publications,Publications,
menu:reporting_status,Reporting Status,
menu:updates,Updates,
frontpage:heading,[테스트 중입니다] 한국의 SDGs 지표,
frontpage:instructions,"지표별 상세 데이터를 확인하시려면, 아래 아이콘을 클릭하시거나 %before_link 검색창 %after_link 을 이용하시기 바랍니다.",
status:exploring_data_sources,작업중,
status:not_applicable,Not applicable,
status:overall_reporting_status,Overall Reporting Status,
status:reported_online,이용가능,
status:reporting_status,Reporting Status,
status:statistics_in_progress,Statistics in progress,
status:status_by_goal,Status by goal,
